id,Label
1,安
2,惇
3,邡
4,燾
5,查
6,道
7,籥
8,柴
9,成
10,務
11,天
12,因
13,常
14,僅
15,任
16,秩
17,晁
18,謙
19,之
20,公
21,武
22,邁
23,補
24,端
25,彥
26,陳
27,期
28,民
29,石
30,察
31,起
32,宗
33,倩
34,求
35,充
36,正
37,同
38,洎
39,機
40,夏
41,侯
42,彧
43,絳
44,桷
45,建
46,戩
47,致
48,知
49,儉
50,執
51,中
52,倫
53,淵
54,靖
55,經
56,扃
57,舉
58,鑄
59,鉅
60,郛
61,漢
62,繫
63,向
64,相
65,象
66,輿
67,遜
68,琥
69,輝
70,紘
71,洪
72,繹
73,若
74,拙
75,如
76,錫
77,汝
78,榮
79,古
80,康
81,國
82,伯
83,膏
84,廓
85,括
86,貫
87,瑞
88,良
89,弼
90,隆
91,壽
92,彌
93,作
94,敏
95,識
96,邦
97,光
98,掞
99,忱
100,升
101,世
102,卿
103,師
104,修
105,尹
106,璹
107,恕
108,述
109,偲
110,迪
111,鼎
112,橐
113,粹
114,從
115,易
116,信
117,敦
118,夫
119,徐
120,越
121,緯
122,堯
123,叟
124,佐
125,咨
126,琰
127,兗
128,恭
129,祐
130,甫
131,元
132,直
133,遠
134,猷
135,程
136,昌
137,寓
138,節
139,邵
140,才
141,芾
142,戡
143,克
144,俊
145,琳
146,能
147,博
148,文
149,孟
150,嗣
151,唐
152,臨
153,度
154,瑀
155,佑
156,筠
157,奕
158,大
159,亨
160,戚
161,綸
162,齊
163,旦
164,強
165,浚
166,明
167,友
168,諒
169,喬
170,方
171,運
172,敘
173,維
174,岳
175,錢
176,曖
177,景
178,山
179,勰
180,輔
181,秉
182,時
183,禮
184,英
185,遹
186,曜
187,秦
188,羲
189,希
190,祥
191,定
192,梓
193,丘
194,雍
195,裘
196,多
197,見
198,楚
199,昭
200,權
201,詹
202,薦
203,太
204,和
205,弓
206,棫
207,湛
208,俞
209,張
210,上
211,闡
212,先
213,臣
214,澄
215,偁
216,憲
217,誠
218,一
219,祁
220,賢
221,觷
222,去
223,華
224,惑
225,愨
226,羣
227,鎮
228,震
229,佶
230,暨
231,吉
232,繼
233,頡
234,鑑
235,植
236,白
237,覲
238,靚
239,兢
240,辰
241,溫
242,巨
243,莊
244,仲
245,欽
246,庸
247,諤
248,平
249,傅
250,復
251,顥
252,賀
253,瓌
254,孝
255,純
256,獻
257,詵
258,行
259,詢
260,峋
261,懷
262,寶
263,渙
264,徽
265,匯
266,翬
267,言
268,鴻
269,漸
270,億
271,益
272,日
273,谷
274,楫
275,可
276,久
277,奎
278,逵
279,綱
280,杲
281,根
282,觀
283,鞏
284,濟
285,茂
286,美
287,沔
288,穆
289,嵲
290,保
291,佖
292,鎛
293,商
294,紳
295,深
296,適
297,士
298,德
299,顏
300,綬
301,塾
302,舒
303,叔
304,椿
305,書
306,舜
307,索
308,肅
309,巽
310,挺
311,寧
312,存
313,琮
314,璪
315,澤
316,誨
317,彝
318,洞
319,次
320,子
321,儀
322,自
323,牧
324,琬
325,郭
326,思
327,問
328,昷
329,亞
330,郢
331,穎
332,宇
333,愿
334,顒
335,詠
336,章
337,傑
338,服
339,岵
340,煥
341,誼
342,藺
343,頻
344,茇
345,得
346,楶
347,振
348,趙
349,澳
350,岍
351,瞻
352,稹
353,志
354,湘
355,咸
356,開
357,稱
358,智
359,竤
360,達
361,誕
362,霖
363,令
364,詪
365,鑠
366,滂
367,霈
368,玭
369,抃
370,彬
371,免
372,牛
373,瑜
374,魚
375,不
376,棄
377,己
378,凡
379,溢
380,弁
381,愚
382,晟
383,雄
384,鵬
385,彩
386,李
387,秬
388,竦
389,霆
390,載
391,幾
392,淔
393,厚
394,潚
395,巖
396,揚
397,暘
398,折
399,質
400,鄭
401,靄
402,僑
403,年
404,集
405,績
406,剛
407,熊
408,驤
409,讓
410,鬲
411,誡
412,寀
413,資
414,望
415,汲
416,逢
417,計
418,有
419,功
420,郟
421,亶
422,賈
423,宅
424,衡
425,青
426,清
427,種
428,收
429,偉
430,黯
431,江
432,著
433,衍
434,姜
435,遵
436,蔣
437,及
438,祖
439,奇
440,賁
441,堂
442,璨
443,蹇
444,周
445,序
446,金
447,君
448,孺
449,靳
450,井
451,亮
452,采
453,諶
454,池
455,嘉
456,穜
457,埅
458,沆
459,需
460,澣
461,葵
462,革
463,離
464,陵
465,實
466,操
467,淙
468,頤
469,綰
470,渭
471,沃
472,聿
473,約
474,州
475,朱
476,昂
477,符
478,初
479,玘
480,諫
481,賦
482,異
483,構
484,冠
485,冕
486,勃
487,虎
488,台
489,縡
490,炎
491,祝
492,閔
493,龍
494,句
495,鞠
496,真
497,謀
498,勵
499,必
500,彊
501,鍾
502,伷
503,簡
504,瑾
505,樊
506,賓
507,廷
508,范
509,仁
510,冲
511,漴
512,辭
513,鍔
514,諷
515,璿
516,塤
517,圭
518,寬
519,旻
520,百
521,祿
522,京
523,鏜
524,峒
525,寅
526,育
527,域
528,宙
529,荀
530,偕
531,略
532,慎
533,滋
534,費
535,馮
536,拯
537,浩
538,晦
539,利
540,璉
541,韶
542,由
543,義
544,舟
545,逄
546,傳
547,燮
548,崧
549,惟
550,富
551,韓
552,琦
553,跂
554,球
555,縝
556,玠
557,贄
558,璡
559,晉
560,璩
561,琚
562,通
563,忠
564,曉
565,肖
566,胄
567,協
568,璜
569,固
570,庶
571,鐸
572,綜
573,摠
574,立
575,冑
576,郝
577,何
578,至
579,原
580,俌
581,佾
582,郯
583,允
584,陟
585,懋
586,奚
587,嶼
588,席
589,倚
590,珙
591,守
592,贇
593,式
594,奮
595,汮
596,哲
597,儒
598,伋
599,忞
600,諲
601,蕭
602,橚
603,律
604,基
605,延
606,謝
607,材
608,規
609,意
610,泌
611,鮮
612,于
613,侁
614,辛
615,膺
616,本
617,詩
618,琛
619,處
620,確
621,九
622,倣
623,禧
624,休
625,閎
626,庚
627,裕
628,林
629,奭
630,惕
631,的
632,說
633,孚
634,禋
635,與
636,許
637,將
638,宣
639,忻
640,申
641,逖
642,衷
643,續
644,觱
645,薛
646,居
647,貽
648,顯
649,朋
650,田
651,映
652,胡
653,朝
654,杞
655,紡
656,脩
657,考
658,蒙
659,璞
660,松
661,棣
662,則
663,回
664,愈
665,黃
666,潛
667,慶
668,積
669,好
670,莘
671,然
672,格
673,廉
674,裳
675,崔
676,曙
677,敖
678,名
679,總
680,游
681,皇
682,選
683,适
684,霍
685,翔
686,蠡
687,顓
688,熙
689,皋
690,布
691,茹
692,東
693,薿
694,評
695,衛
696,謂
697,寇
698,瑊
699,準
700,孔
701,蓋
702,高
703,惠
704,訥
705,軒
706,凝
707,瑰
708,餗
709,覿
710,葛
711,耿
712,顧
713,關
714,管
715,龔
716,鑒
717,濤
718,勸
719,訓
720,揖
721,恂
722,樞
723,來
724,藍
725,郎
726,雷
727,勉
728,終
729,黎
730,珣
731,齡
732,檉
733,承
734,造
735,崇
736,矩
737,遘
738,丙
739,稷
740,間
741,健
742,澗
743,祉
744,芝
745,稙
746,紀
747,躬
748,梲
749,擢
750,偃
751,防
752,放
753,棻
754,敷
755,黼
756,溥
757,袚
758,含
759,廣
760,欣
761,鉉
762,絢
763,譓
764,宏
765,宜
766,川
767,虛
768,琯
769,歸
770,用
771,莫
772,謨
773,南
774,參
775,尚
776,碩
777,湜
778,鞉
779,迨
780,憕
781,願
782,表
783,諮
784,鄴
785,嚴
786,老
787,塋
788,迎
789,應
790,虞
791,聞
792,瀹
793,鉞
794,永
795,梁
796,廖
797,箎
798,覺
799,堪
800,勳
801,乂
802,飛
803,鳴
804,豹
805,特
806,聲
807,濰
808,凌
809,策
810,留
811,劉
812,珵
813,珪
814,照
815,炤
816,兼
817,仿
818,昉
819,奉
820,航
821,庠
822,鍇
823,璯
824,止
825,蟠
826,攽
827,炳
828,賽
829,淑
830,隨
831,庭
832,當
833,岑
834,鎡
835,無
836,極
837,燁
838,曄
839,昱
840,薳
841,柳
842,亢
843,羅
844,芬
845,樓
846,盧
847,翰
848,法
849,魯
850,貺
851,路
852,採
853,陸
854,寘
855,宰
856,呂
857,溱
858,稽
859,搢
860,萃
861,抗
862,雅
863,丕
864,備
865,弸
866,紹
867,陶
868,餘
869,源
870,(
871,)
872,閭
873,陞
874,欒
875,麻
876,其
877,馬
878,家
879,騏
880,季
881,盛
882,倬
883,尋
884,默
885,玿
886,毛
887,梅
888,摯
889,嵩
890,庾
891,米
892,苗
893,鎬
894,濛
895,万
896,俟
897,卨
898,毌
899,聶
900,歐
901,陽
902,興
903,潘
904,貴
905,夙
906,龐
907,籍
908,孫
909,裴
910,彭
911,乘
912,持
913,合
914,礪
915,雲
916,皮
917,蒲
918,巴
919,包
920,鮑
921,仔
922,畢
923,史
924,邊
925,珝
926,卞
927,袞
928,睿
929,卜
930,桑
931,官
932,悟
933,䶵
934,飾
935,受
936,沈
937,長
938,該
939,遼
940,邈
941,披
942,調
943,頏
944,瑗
945,施
946,坰
947,護
948,垓
949,悈
950,怊
951,全
952,司
953,蘇
954,耆
955,遲
956,轍
957,籀
958,涓
959,澥
960,液
961,冶
962,鼇
963,頎
964,軫
965,近
966,藎
967,迥
968,逸
969,覽
970,樸
971,順
972,坦
973,野
974,丁
975,宋
976,琪
977,晸
978,棐
979,潠
980,摶
981,似
982,覃
983,璫
984,蒼
985,㬇
986,幹
987,譚
988,湯
989,沂
990,夢
991,介
992,恪
993,隸
994,封
995,翼
996,愷
997,滕
998,涉
999,晏
1000,況
1001,穀
1002,戴
1003,融
1004,鄧
1005,洵
1006,祚
1007,饒
1008,狄
1009,刁
1010,婁
1011,竇
1012,蔡
1013,肇
1014,襄
1015,朦
1016,柏
1017,汪
1018,召
1019,煜
1020,曹
1021,紱
1022,耜
1023,誦
1024,泳
1025,鈞
1026,嶧
1027,冀
1028,曥
1029,堅
1030,臧
1031,曾
1032,藉
1033,蘊
1034,怡
1035,伉
1036,讜
1037,慥
1038,紆
1039,鄒
1040,樗
1041,擇
1042,都
1043,潔
1044,杜
1045,某
1046,氏
1047,母
1048,證
1049,段
1050,少
1051,連
1052,董
1053,龜
1054,儼
1055,萬
1056,A
1057,王
1058,勤
1059,綽
1060,疇
1061,詔
1062,臻
1063,昇
1064,騭
1065,珏
1066,交
1067,蕃
1068,旊
1069,扶
1070,旉
1071,弗
1072,罕
1073,晞
1074,峴
1075,循
1076,會
1077,夷
1078,柔
1079,贍
1080,岡
1081,芶
1082,瓘
1083,拱
1084,圖
1085,普
1086,賞
1087,晌
1088,森
1089,微
1090,心
1091,絲
1092,素
1093,綯
1094,鈇
1095,裔
1096,鬷
1097,翁
1098,皞
1099,沿
1100,衎
1101,曮
1102,範
1103,俁
1104,趯
1105,韋
1106,魏
1107,芻
1108,羽
1109,勛
1110,吳
1111,璟
1112,丞
1113,撝
1114,幵
1115,審
1116,栻
1117,巘
1118,璋
1119,楊
1120,晨
1121,嶠
1122,緘
1123,繪
1124,告
1125,倓
1126,畋
1127,蛻
1128,畏
1129,嵎
1130,矞
1131,姚
1132,焯
1133,卲
1134,葉
1135,均
1136,份
1137,曦
1138,伸
1139,燕
1140,瑛
1141,抑
1142,閻
1143,殊
1144,珂
1145,敢
1146,烈
1147,賙
1148,祺
1149,余
1150,授
1151,藻
1152,喻
1153,袁
1154,煒
1155,圯
1156,樂
1157,目
1158,邱
1159,珍
1160,賡
1161,宥
1162,楙
1163,御
1164,佺
1165,蔚
1166,為
1167,錯
1168,闔
1169,昆
1170,鏐
1171,俶
1172,佃
1173,倧
1174,瑩
1175,現
1176,卓
1177,贊
1178,襲
1179,進
1180,器
1181,睦
1182,省
1183,動
1184,B
1185,珫
1186,濬
1187,璠
1188,珦
1189,容
1190,暐
1191,埴
1192,奢
1193,制
1194,津
1195,枃
1196,釜
1197,煦
1198,揆
1199,禎
1200,妃
1201,訪
1202,者
1203,潭
1204,綖
1205,弘
1206,殷
1207,恩
1208,注
1209,H
1210,C
1211,駿
1212,D
1213,熹
1214,翌
1215,葆
1216,肜
1217,模
1218,溶
1219,慮
1220,郁
1221,取
1222,臘
1223,恬
1224,導
1225,房
1226,巳
1227,璆
1228,治
1229,境
1230,耩
1231,侂
1232,戭
1233,恢
1234,棠
1235,辯
1236,兌
1237,禹
1238,遇
1239,淇
1240,邢
1241,胥
1242,父
1243,X
1244,責
1245,巢
1246,浹
1247,犖
1248,圜
1249,瓊
1250,銑
1251,化
1252,仕
1253,宮
1254,邲
1255,奐
1256,稠
1257,結
1258,撰
1259,F
1260,G
1261,捷
1262,夔
1263,誥
1264,覯
1265,袤
1266,性
1267,勗
1268,懿
1269,預
1270,熅
1271,蒨
1272,珩
1273,枅
1274,膚
1275,鶚
1276,洽
1277,敞
1278,福
1279,歷
1280,歛
1281,灝
1282,敬
1283,緒
1284,异
1285,椅
1286,滌
1287,錝
1288,鑰
1289,訔
1290,靜
1291,臯
1292,?
1293,洸
1294,流
1295,宲
1296,沅
1297,摭
1298,泰
1299,譽
1300,玗
1301,援
1302,漳
1303,侃
1304,郴
1305,璘
1306,業
1307,粲
1308,澈
1309,墨
1310,頌
1311,晝
1312,謹
1313,岫
1314,銳
1315,僖
1316,攜
1317,欺
1318,軾
1319,竣
1320,豫
1321,矼
1322,既
1323,待
1324,悅
1325,翟
1326,隲
1327,衢
1328,條
1329,逞
1330,玹
1331,雋
1332,楷
1333,阜
1334,逮
1335,勝
1336,潮
1337,冏
1338,洙
1339,善
1340,發
1341,遐
1342,祜
1343,衣
1344,雱
1345,汀
1346,瀆
1347,演
1348,淹
1349,絪
1350,了
1351,銓
1352,桓
1353,猛
1354,蕡
1355,偰
1356,密
1357,膳
1358,闢
1359,棟
1360,瑤
1361,愧
1362,遴
1363,焞
1364,兟
1365,戢
1366,鞗
1367,K
1368,諭
1369,E
1370,a
1371,詧
1372,棨
1373,斌
1374,詡
1375,恆
1376,妻
1377,頊
1378,后
1379,擴
1380,暄
1381,匡
1382,胤
1383,蘭
1384,（
1385,）
1386,濩
1387,女
1388,麗
1389,芮
1390,靈
1391,播
1392,閏
1393,攸
1394,占
1395,里
1396,耀
1397,毖
1398,伏
1399,縣
1400,紫
1401,妙
1402,人
1403,扆
1404,慕
1405,藹
1406,企
1407,童
1408,十
1409,訢
1410,淨
1411,慧
1412,貞
1413,鏞
1414,橡
1415,代
1416,競
1417,滁
1418,學
1419,紓
1420,買
1421,統
1422,尤
1423,干
1424,標
1425,設
1426,緝
1427,慈
1428,侍
1429,提
1430,愇
1431,握
1432,講
1433,澧
1434,旄
1435,嬸
1436,驥
1437,竺
1438,鄄
1439,超
1440,茳
1441,錡
1442,劬
1443,註
1444,束
1445,倪
1446,淮
1447,孜
1448,瑋
1449,騫
1450,議
1451,三
1452,郡
1453,弆
1454,鐊
1455,戒
1456,駱
1457,煇
1458,圓
1459,繩
1460,瀛
1461,左
1462,車
1463,翱
1464,昀
1465,瓛
1466,騤
1467,寄
1468,秀
1469,退
1470,皓
1471,婉
1472,音
1473,危
1474,俱
1475,㞦
1476,嵇
1477,并
1478,雩
1479,非
1480,理
1481,威
1482,岷
1483,偓
1484,栩
1485,侗
1486,褚
1487,級
1488,錤
1489,綡
1490,磐
1491,裁
1492,監
1493,褒
1494,磯
1495,璇
1496,辟
1497,群
1498,㝝
1499,蘩
1500,暉
1501,附
1502,練
1503,絃
1504,損
1505,切
1506,儔
1507,畤
1508,湍
1509,纁
1510,槃
1511,銍
1512,嶷
1513,毅
1514,凱
1515,蘋
1516,咎
1517,闐
1518,寔
1519,鄰
1520,過
1521,水
1522,熺
1523,檜
1524,澂
1525,夜
1526,鎔
1527,槩
1528,瑴
1529,麟
1530,种
1531,㮚
1532,俯
1533,宿
1534,履
1535,耘
1536,邴
1537,攄
1538,弭
1539,潤
1540,拂
1541,㝢
1542,浦
1543,巫
1544,岐
1545,炅
1546,眘
1547,禥
1548,㬎
1549,昰
1550,昺
1551,艾
1552,豐
1553,乙
1554,完
1555,霄
1556,薩
1557,隱
1558,亦
1559,沇
1560,柄
1561,杭
1562,鎰
1563,啟
1564,霸
1565,濂
1566,滑
1567,瓖
1568,月
1569,生
1570,揮
1571,釋
1572,偶
1573,洧
1574,勣
1575,昕
1576,槻
1577,柲
1578,僩
1579,芹
1580,新
1581,或
1582,秘
1583,淲
1584,涇
1585,閌
1586,轂
1587,灼
1588,圻
1589,埜
1590,淳
1591,嶽
1592,珉
1593,洌
1594,登
1595,槱
1596,崈
1597,謐
1598,斐
1599,徯
1600,裒
1601,樟
1602,銖
1603,焦
1604,黻
1605,鉼
1606,礎
1607,敄
1608,鏘
1609,礒
1610,教
1611,木
1612,肱
1613,禕
1614,仍
1615,僉
1616,賜
1617,蒧
1618,聖
1619,賚
1620,渷
1621,滸
1622,釗
1623,瑎
1624,漪
1625,渲
1626,顗
1627,纘
1628,侹
1629,奧
1630,焆
1631,忽
1632,倦
1633,鐩
1634,峭
1635,據
1636,彰
1637,酇
1638,芭
1639,桱
1640,軧
1641,輅
1642,比
1643,溉
1644,幼
1645,海
1646,勇
1647,喆
1648,輦
1649,遂
1650,繢
1651,逌
1652,醇
1653,㳘
1654,浤
1655,汾
1656,瀚
1657,桐
1658,偘
1659,玉
1660,褘
1661,鳳
1662,觥
1663,溍
1664,珌
1665,印
1666,甄
1667,爵
1668,㠭
1669,辨
1670,玄
1671,汸
1672,漼
1673,珽
1674,絛
1675,篆
1676,秠
1677,畦
1678,沙
1679,谿
1680,遡
1681,宓
1682,址
1683,增
1684,點
1685,效
1686,談
1687,郵
1688,敵
1689,騰
1690,腴
1691,曅
1692,晤
1693,猜
1694,駢
1695,渝
1696,瑢
1697,旅
1698,桴
1699,鸞
1700,崖
1701,朔
1702,宬
1703,露
1704,喈
1705,事
1706,囿
1707,蕤
1708,耕
1709,衝
1710,閱
1711,瓐
1712,瑑
1713,寵
1714,政
1715,珤
1716,桂
1717,滔
1718,稟
1719,榦
1720,昞
1721,祗
1722,暢
1723,依
1724,壬
1725,藝
1726,佇
1727,漺
1728,汶
1729,諴
1730,共
1731,蓁
1732,价
1733,瀣
1734,禴
1735,佩
1736,僎
1737,典
1738,旬
1739,劭
1740,樵
1741,暹
1742,濯
1743,壯
1744,蓮
1745,花
1746,巒
1747,倞
1748,千
1749,芳
1750,茞
1751,力
1752,斗
1753,祓
1754,峻
1755,命
1756,翥
1757,繇
1758,栗
1759,琢
1760,概
1761,虙
1762,攢
1763,俛
1764,萱
1765,鏻
1766,昶
1767,伎
1768,草
1769,鯁
1770,逷
1771,鵠
1772,驌
1773,櫟
1774,最
1775,頲
1776,駉
1777,麡
1778,泂
1779,羊
1780,鴣
1781,念
1782,乾
1783,剔
1784,吏
1785,沐
1786,矜
1787,譾
1788,倜
1789,崏
1790,惲
1791,汭
1792,瞱
1793,璣
1794,疋
1795,鏡
1796,耽
1797,再
1798,芑
1799,韐
1800,以
1801,酉
1802,禾
1803,玶
1804,箕
1805,酢
1806,醳
1807,癸
1808,槔
1809,垕
1810,靡
1811,整
1812,駒
1813,屼
1814,J
1815,術
1816,噩
1817,系
1818,綝
1819,撙
1820,琇
1821,勻
1822,頔
1823,榕
1824,翛
1825,儵
1826,楨
1827,懂
1828,L
1829,M
1830,弇
1831,混
1832,翹
1833,I
1834,N
1835,O
1836,P
1837,僧
1838,紇
1839,託
1840,伾
1841,潁
1842,皤
1843,琠
1844,岱
1845,歆
1846,苞
1847,西
1848,帝
1849,巋
1850,諧
1851,箸
1852,錞
1853,燧
1854,烜
1855,墉
1856,盈
1857,薖
1858,郜
1859,衹
1860,耒
1861,喜
1862,敝
1863,虔
1864,壇
1865,始
1866,幸
1867,暠
1868,員
1869,厲
1870,柬
1871,朗
1872,藏
1873,須
1874,滉
1875,虒
1876,搏
1877,烝
1878,鹿
1879,夐
1880,畟
1881,芘
1882,栐
1883,嵓
1884,稜
1885,農
1886,愻
1887,憑
1888,翊
1889,葦
1890,蔇
1891,鶠
1892,韙
1893,鷹
1894,豁
1895,粢
1896,瑱
1897,劑
1898,果
1899,璧
1900,庲
1901,彼
1902,鶴
1903,寯
1904,籌
1905,羨
1906,徵
1907,工
1908,甸
1909,澹
1910,傃
1911,嬰
1912,筵
1913,祟
1914,沼
1915,愉
1916,星
1917,攀
1918,畊
1919,韡
1920,弈
1921,戊
1922,響
1923,蜀
1924,縯
1925,在
1926,杓
1927,爽
1928,屺
1929,郃
1930,祕
1931,僮
1932,Q
1933,虨
1934,琨
1935,榛
1936,㽦
1937,龢
1938,蕘
1939,疾
1940,副
1941,榆
1942,耑
1943,蘾
1944,苹
1945,藩
1946,漙
1947,習
1948,斁
1949,聘
1950,皆
1951,量
1952,杙
1953,邠
1954,坎
1955,渥
1956,俸
1957,獬
1958,洋
1959,叡
1960,彀
1961,軻
1962,緣
1963,檝
1964,珹
1965,嘗
1966,耄
1967,誰
1968,眾
1969,螽
1970,爟
1971,燡
1972,旼
1973,即
1974,誾
1975,兾
1976,倕
1977,誘
1978,彙
1979,爰
1980,宧
1981,階
1982,哿
1983,䙼
1984,垂
1985,冉
1986,R
1987,蹈
1988,毣
1989,較
1990,殳
1991,皎
1992,稼
1993,斯
1994,瑄
1995,壁
1996,鏗
1997,徹
1998,後
1999,栯
2000,桶
2001,綺
2002,駜
2003,珖
2004,戣
2005,埏
2006,悊
2007,棶
2008,嶙
2009,箴
2010,筥
2011,春
2012,鈜
2013,詳
2014,邰
2015,遷
2016,廙
2017,崎
2018,竑
2019,楠
2020,孳
2021,槐
2022,瞳
2023,擬
2024,悰
2025,悳
2026,遊
2027,阮
2028,濲
2029,賑
2030,枚
2031,廌
2032,霽
2033,診
2034,憬
2035,㞰
2036,岄
2037,葴
2038,柟
2039,懦
2040,甲
2041,肄
2042,騑
2043,騶
2044,紃
2045,訦
2046,S
2047,敱
2048,壅
2049,倘
2050,諸
2051,瓚
2052,讀
2053,報
2054,垌
2055,坡
2056,字
2057,邕
2058,翿
2059,塏
2060,詁
2061,瑭
2062,㮤
2063,巍
2064,尊
2065,峙
2066,跋
2067,泉
2068,睽
2069,暰
2070,鋁
2071,瀶
2072,但
2073,矢
2074,淘
2075,黔
2076,磻
2077,濇
2078,韸
2079,諕
2080,類
2081,假
2082,優
2083,仞
2084,仟
2085,傈
2086,璱
2087,戌
2088,填
2089,香
2090,俠
2091,褧
2092,焴
2093,爚
2094,燿
2095,帶
2096,冰
2097,寮
2098,煓
2099,禫
2100,閩
2101,逾
2102,送
2103,侵
2104,贙
2105,像
2106,祈
2107,重
2108,塒
2109,短
2110,助
2111,昈
2112,譯
2113,瀜
2114,菑
2115,笥
2116,劼
2117,體
2118,城
2119,炯
2120,懬
2121,晃
2122,訜
2123,閣
2124,雃
2125,槊
2126,位
2127,研
2128,論
2129,款
2130,垚
2131,仰
2132,語
2133,旹
2134,套
2135,軌
2136,勁
2137,栖
2138,煃
2139,壎
2140,銛
2141,接
2142,櫛
2143,晫
2144,寪
2145,錧
2146,壘
2147,潞
2148,灃
2149,組
2150,橋
2151,纓
2152,綦
2153,俖
2154,暈
2155,謩
2156,詮
2157,玢
2158,洗
2159,畎
2160,澐
2161,甘
2162,兆
2163,斑
2164,褎
2165,躋
2166,崌
2167,崍
2168,珠
2169,禦
2170,拊
2171,喚
2172,愓
2173,夬
2174,翃
2175,丰
2176,拾
2177,歡
2178,疆
2179,迻
2180,珗
2181,畣
2182,洺
2183,仵
2184,霂
2185,邃
2186,T
2187,旂
2188,愔
2189,鍪
2190,匊
2191,鰓
2192,主
2193,軿
2194,仇
2195,榘
2196,仝
2197,褶
2198,頃
2199,衑
2200,梠
2201,鋾
2202,蟾
2203,係
2204,冽
2205,臺
2206,譙
2207,愭
2208,輯
2209,朏
2210,璵
2211,羔
2212,撫
2213,嚞
2214,荷
2215,穗
2216,午
2217,砥
2218,柯
2219,鋌
2220,燦
2221,旺
2222,黑
2223,支
2224,鄂
2225,郊
2226,悆
2227,寢
2228,徒
2229,牟
2230,斚
2231,縕
2232,浮
2233,囂
2234,嶸
2235,僚
2236,U
2237,V
2238,W
2239,璲
2240,歲
2241,芸
2242,寥
2243,彪
2244,勞
2245,瑨
2246,勱
2247,晭
2248,緬
2249,錄
2250,嶢
2251,菶
2252,還
2253,蓀
2254,儲
2255,候
2256,項
2257,齋
2258,物
2259,早
2260,鉦
2261,屠
2262,浙
2263,渚
2264,楀
2265,渠
2266,昴
2267,廆
2268,皝
2269,蘉
2270,汴
2271,潀
2272,迴
2273,仙
2274,罔
2275,涂
2276,宦
2277,故
2278,顆
2279,侮
2280,迷
2281,牙
2282,壄
2283,寂
2284,禔
2285,衿
2286,椒
2287,梴
2288,楰
2289,杠
2290,洲
2291,弢
2292,迵
2293,淢
2294,渘
2295,儶
2296,儆
2297,廱
2298,淯
2299,班
2300,驎
2301,展
2302,恥
2303,迂
2304,㠓
2305,儈
2306,嵒
2307,貢
2308,譍
2309,頖
2310,頫
2311,籲
2312,儁
2313,環
2314,忼
2315,沛
2316,淺
2317,浯
2318,涪
2319,滈
2320,旭
2321,揣
2322,昊
2323,逨
2324,殖
2325,涵
2326,謷
2327,侑
2328,聰
2329,杉
2330,感
2331,招
2332,鋼
2333,礿
2334,瀾
2335,栴
2336,淡
2337,灌
2338,妹
2339,息
2340,鄆
2341,燠
2342,樒
2343,堝
2344,垍
2345,鑝
2346,詞
2347,淦
2348,肎
2349,郇
2350,淞
2351,塈
2352,槙
2353,壵
2354,垔
2355,勍
2356,暇
2357,盎
2358,鼐
2359,諗
2360,昫
2361,肩
2362,吾
2363,庥
2364,愛
2365,慰
2366,杇
2367,側
2368,溪
2369,䦎
2370,檀
2371,陂
2372,槮
2373,煟
2374,芷
2375,衒
2376,穩
2377,燫
2378,煠
2379,迅
2380,闓
2381,薄
2382,塗
2383,雕
2384,拔
2385,瑚
2386,滫
2387,睎
2388,沄
2389,韜
2390,鄖
2391,檥
2392,號
2393,遄
2394,嶟
2395,嶐
2396,橞
2397,惉
2398,栝
2399,匪
2400,橒
2401,掄
2402,淶
2403,陓
2404,衰
2405,雨
2406,盡
2407,簣
2408,逈
2409,築
2410,畹
2411,更
2412,味
2413,釿
2414,亭
2415,鏦
2416,職
2417,掌
2418,廊
2419,鸑
2420,辱
2421,獲
2422,繶
2423,涺
2424,燔
2425,街
2426,驚
2427,陋
2428,潼
2429,榗
2430,楳
2431,圃
2432,勿
2433,衜
2434,妾
2435,讚
2436,桿
2437,際
2438,磊
2439,彤
2440,絜
2441,冷
2442,熒
2443,鈺
2444,淛
2445,殼
2446,降
2447,倢
2448,袗
2449,騊
2450,享
2451,瓞
2452,渤
2453,鄑
2454,怤
2455,閑
2456,橌
2457,椆
2458,瓔
2459,倡
2460,谹
2461,玩
2462,轟
2463,儇
2464,潯
2465,闋
2466,浟
2467,滮
2468,枝
2469,椲
2470,繒
2471,札
2472,詒
2473,納
2474,玖
2475,遽
2476,就
2477,岊
2478,暲
2479,趾
2480,旨
2481,繁
2482,豈
2483,桀
2484,穥
2485,髦
2486,几
2487,懌
2488,懃
2489,頷
2490,滬
2491,駛
2492,樹
2493,要
2494,麋
2495,溧
2496,掀
2497,縉
2498,予
2499,韞
2500,喦
2501,礝
2502,溳
2503,棉
2504,熧
2505,彖
2506,曇
2507,缽
2508,玕
2509,榑
2510,囦
2511,孕
2512,丹
2513,牢
2514,岌
2515,𡼖
2516,复
2517,銘
2518,湀
2519,霑
2520,渾
2521,椷
2522,迢
2523,讎
2524,侔
2525,縚
2526,誧
2527,征
2528,爗
2529,跈
2530,墮
2531,玸
2532,漆
2533,畿
2534,曼
2535,炫
2536,牥
2537,怘
2538,坑
2539,替
2540,齍
2541,屾
2542,崹
2543,鐐
2544,黨
2545,熠
2546,晚
2547,門
2548,貝
2549,樽
2550,錙
2551,單
2552,倉
2553,巾
2554,瓬
2555,熾
2556,亙
2557,猗
2558,諹
2559,恿
2560,豳
2561,訏
2562,卬
2563,紛
2564,頗
2565,炬
2566,涔
2567,窳
2568,竽
2569,晐
2570,莧
2571,Y
2572,綿
2573,赫
2574,劌
2575,洤
2576,斿
2577,鑐
2578,養
2579,伐
2580,訊
2581,給
2582,絅
2583,竿
2584,旰
2585,焱
2586,勢
2587,茲
2588,茆
2589,獵
2590,濚
2591,於
2592,棱
2593,洄
2594,俗
2595,鋹
2596,遺
2597,客
2598,郾
2599,蠙
2600,倍
2601,祀
2602,是
2603,零
2604,廋
2605,勔
2606,櫻
2607,籈
2608,箋
2609,擅
2610,檢
2611,荔
2612,雯
2613,縱
2614,糈
2615,奘
2616,崱
2617,幬
2618,推
2619,皦
2620,諾
2621,製
2622,泓
2623,族
2624,蔭
2625,解
2626,韠
2627,詝
2628,紞
2629,散
2630,首
2631,馭
2632,滿
2633,府
2634,蠱
2635,稚
2636,第
2637,睍
2638,悔
2639,摸
2640,摹
2641,絯
2642,蘧
2643,搘
2644,侀
2645,遒
2646,熭
2647,傲
2648,禬
2649,瑒
2650,逅
2651,獎
2652,薇
2653,校
2654,璦
2655,慄
2656,师
2657,楹
2658,珒
2659,芃
2660,嶮
2661,突
2662,歅
2663,梗
2664,篪
2665,伊
2666,洛
2667,小
2668,儻
2669,赴
2670,筌
2671,涗
2672,做
2673,杆
2674,杶
2675,閟
2676,輗
2677,未
2678,儋
2679,醴
2680,鉤
2681,Z
2682,垺
2683,鉀
2684,垠
2685,x
2686,萊
2687,兒
2688,值
2689,黽
2690,炣
2691,屈
2692,帖
2693,爾
2694,哥
2695,把
2696,乃
2697,鏌
2698,鯤
2699,璐
2700,竹
2701,鉌
2702,拳
2703,讙
2704,六
2705,難
2706,男
2707,彠
2708,炟
2709,佀
2710,鐲
2711,盥
2712,岦
2713,馗
2714,褆
2715,聳
2716,弻
2717,盅
2718,扈
2719,綍
2720,敭
2721,柷
2722,繕
2723,藥
2724,譜
2725,瑺
2726,釱
2727,刓
2728,麾
2729,戫
2730,兕
2731,櫰
2732,櫑
2733,馨
2734,轙
2735,神
2736,衙
2737,澬
2738,畸
2739,鰲
2740,翀
2741,僓
2742,悌
2743,嵃
2744,礽
2745,䢝
2746,逿
2747,迹
2748,部
2749,瀁
2750,葯
2751,耔
2752,踰
2753,褭
2754,詎
2755,般
2756,ㄔ
2757,驈
2758,馴
2759,㞧
2760,趨
2761,悉
2762,鐫
2763,晙
2764,笈
2765,奓
2766,邯
2767,鳧
2768,岠
2769,簫
2770,宕
2771,曠
2772,畛
2773,測
2774,邽
2775,瀞
2776,艮
2777,叢
2778,鯨
2779,暾
2780,鋅
2781,鉎
2782,鐔
2783,檖
2784,泯
2785,嗄
2786,曒
2787,僊
2788,漎
2789,檹
2790,悃
2791,淀
2792,鏟
2793,熛
2794,潪
2795,棍
2796,漻
2797,棅
2798,釭
2799,鐆
2800,丑
2801,頠
2802,且
2803,櫅
2804,騋
2805,玤
2806,琲
2807,琫
2808,懼
2809,河
2810,霺
2811,甽
2812,右
2813,哇
2814,霦
2815,㦛
2816,琭
2817,畫
2818,頵
2819,憪
2820,燉
2821,坤
2822,迤
2823,鐃
2824,雪
2825,汋
2826,病
2827,爭
2828,泗
2829,扐
2830,岯
2831,畔
2832,篤
2833,譣
2834,鍵
2835,鍨
2836,鎣
2837,鈅
2838,筏
2839,浗
2840,紺
2841,激
2842,棒
2843,俾
2844,斅
2845,瑁
2846,蘅
2847,鏔
2848,隉
2849,漕
2850,軸
2851,垒
2852,燐
2853,孠
2854,斛
2855,箱
2856,俉
2857,桌
2858,遯
2859,蠲
2860,猶
2861,焌
2862,暟
2863,敔
2864,蒭
2865,隋
2866,毗
2867,傪
2868,晊
2869,祹
2870,祇
2871,耦
2872,冬
2873,究
2874,晢
2875,具
2876,視
2877,覠
2878,什
2879,晄
2880,澠
2881,訴
2882,佟
2883,譄
2884,靇
2885,珀
2886,吶
2887,澔
2888,櫂
2889,畝
2890,稔
2891,僼
2892,恞
2893,厔
2894,珨
2895,緡
2896,枋
2897,慷
2898,仚
2899,䛆
2900,揭
2901,傒
2902,汯
2903,擖
2904,沉
2905,塞
2906,引
2907,赤
2908,㫃
2909,沚
2910,錦
2911,只
2912,你
2913,脫
2914,哈
2915,剌
2916,奴
2917,渶
2918,鑾
2919,柎
2920,卣
2921,唯
2922,柱
2923,輪
2924,梈
2925,旟
2926,旌
2927,闕
2928,珊
2929,鈿
2930,誌
2931,晥
2932,䵣
2933,按
2934,邇
2935,步
2936,答
2937,忙
2938,朮
2939,艱
2940,瑣
2941,愃
2942,摻
2943,闈
2944,八
2945,笴
2946,翮
2947,豋
2948,盟
2949,笏
2950,鄘
2951,郅
2952,乞
2953,褱
2954,拓
2955,界
2956,阿
2957,揑
2958,今
2959,聚
2960,孛
2961,尼
2962,窟
2963,塔
2964,槍
2965,楝
2966,鐵
2967,窩
2968,闊
2969,拖
2970,兀
2971,囊
2972,加
2973,朵
2974,線
2975,苟
2976,失
2977,速
2978,蠻
2979,耶
2980,內
2981,媯
2982,楧
2983,坊
2984,射
2985,隴
2986,鋘
2987,賮
2988,鎋
2989,鎧
2990,鄈
2991,璮
2992,歪
2993,頭
2994,鑌
2995,崑
2996,炷
2997,燭
2998,燃
2999,煬
3000,烘
3001,炘
3002,烔
3003,列
3004,銀
3005,憐
3006,淏
3007,豪
3008,俄
3009,琩
3010,璙
3011,聯
3012,崶
3013,荃
3014,四
3015,峰
3016,梧
3017,蛟
3018,蔥
3019,科
3020,率
3021,繡
3022,勺
3023,逋
3024,媛
3025,垣
3026,瞿
3027,鐘
3028,篇
3029,塽
3030,殿
3031,颺
3032,宸
3033,澍
3034,讌
3035,熥
3036,翽
3037,毓
3038,鏊
3039,焜
3040,炆
3041,樘
3042,杬
3043,熜
3044,奠
3045,培
3046,爌
3047,楔
3048,薰
3049,樾
3050,忌
3051,潣
3052,藗
3053,涍
3054,而
3055,忒
3056,斤
3057,也
3058,火
3059,紐
3060,叉
3061,住
3062,虯
3063,聃
3064,卒
3065,變
3066,䃤
3067,恫
3068,淼
3069,謖
3070,軺
3071,偌
3072,忭
3073,恮
3074,慬
3075,忦
3076,伍
3077,尉
3078,釚
3079,瑪
3080,麒
3081,鏓
3082,蕙
3083,笪
3084,璥
3085,飆
3086,飂
3087,曰
3088,轅
3089,飴
3090,齮
3091,侅
3092,領
3093,蘄
3094,涷
3095,銈
3096,錠
3097,鑣
3098,綗
3099,遙
3100,吒
3101,伽
3102,嘏
3103,豆
3104,萇
3105,菩
3106,鷟
3107,又
3108,勮
3109,閬
3110,鬱
3111,揵
3112,纂
3113,二
3114,翻
3115,耳
3116,湊
3117,湑
3118,鐬
3119,駰
3120,活
3121,譔
3122,袛
3123,湫
3124,勒
3125,庇
3126,疑
3127,秋
3128,犯
3129,弋
3130,玳
3131,麥
3132,杖
3133,埱
3134,獨
3135,孤
3136,契
3137,寺
3138,磾
3139,婆
3140,惡
3141,苻
3142,害
3143,佞
3144,梵
3145,踐
3146,否
3147,皚
3148,隗
3149,縃
3150,北
3151,惔
3152,詰
3153,奣
3154,雙
3155,眷
3156,話
3157,盤
3158,挹
3159,玲
3160,俅
3161,佽
3162,慢
3163,鳩
3164,巡
3165,泠
3166,峘
3167,鍠
3168,悱
3169,倰
3170,迺
3171,湋
3172,萼
3173,頂
3174,愍
3175,訛
3176,拻
3177,摽
3178,琟
3179,崙
3180,乎
3181,半
3182,湖
3183,暕
3184,殆
3185,警
3186,酆
3187,鄯
3188,鄲
3189,璀
3190,倇
3191,犨
3192,諝
3193,邛
3194,墐
3195,親
3196,陀
3197,丏
3198,釐
3199,尸
3200,烏
3201,佳
3202,頓
3203,愐
3204,慚
3205,狐
3206,濞
3207,渢
3208,丸
3209,馥
3210,沮
3211,欲
3212,抱
3213,廩
3214,鱣
3215,㸁
3216,豸
3217,韻
3218,聽
3219,區
3220,請
3221,凐
3222,諱
3223,茅
3224,畀
3225,塨
3226,壧
3227,恃
3228,鎦
3229,鑛
3230,舍
3231,署
3232,潾
3233,捍
3234,慫
3235,盱
3236,逯
3237,厥
3238,旋
3239,埈
3240,瀗
3241,䛵
3242,墀
3243,綵
3244,前
3245,它
3246,垹
3247,弨
3248,璁
3249,樛
3250,璸
3251,鼏
3252,繆
3253,鈕
3254,眉
3255,瓏
3256,樅
3257,傆
3258,傯
3259,曕
3260,賾
3261,卷
3262,暻
3263,籛
3264,竢
3265,澡
3266,肯
3267,綈
3268,菼
3269,榜
3270,鋐
3271,鱓
3272,緗
3273,窈
3274,淫
3275,灨
3276,濠
3277,泐
3278,貊
3279,釪
3280,鄔
3281,焮
3282,樉
3283,紋
3284,瑮
3285,𦒎
3286,鍊
3287,忬
3288,臬
3289,鯉
3290,洢
3291,袾
3292,煌
3293,尾
3294,奏
3295,澖
3296,弜
3297,苫
3298,娥
3299,瑟
3300,已
3301,貍
3302,旃
3303,旞
3304,旝
3305,偽
3306,輕
3307,哉
3308,穉
3309,魁
3310,漣
3311,堉
3312,騎
3313,祭
3314,陰
3315,粱
3316,璛
3317,潗
3318,驄
3319,鼒
3320,袠
3321,霞
3322,幡
3323,洀
3324,琅
3325,儕
3326,岩
3327,軍
3328,緱
3329,橫
3330,廝
3331,頑
3332,姬
3333,轔
3334,沾
3335,薈
3336,燀
3337,輈
3338,堮
3339,牖
3340,徠
3341,鵷
3342,憼
3343,茵
3344,灑
3345,橅
3346,社
3347,鍴
3348,濱
3349,逑
3350,頒
3351,產
3352,細
3353,絿
3354,彉
3355,鄉
3356,穫
3357,褫
3358,誴
3359,燎
3360,縠
3361,檻
3362,付
3363,穰
3364,拭
3365,屏
3366,曑
3367,玫
3368,曛
3369,賴
3370,黝
3371,霩
3372,愬
3373,旁
3374,懍
3375,栘
3376,鄩
3377,嶅
3378,潩
3379,室
3380,陔
3381,曲
3382,嵤
3383,浣
3384,陪
3385,浡
3386,祫
3387,獮
3388,濋
3389,媳
3390,串
3391,酈
3392,錟
3393,棺
3394,諄
3395,斲
3396,儂
3397,彦
3398,簿
3399,迸
3400,皙
3401,禩
3402,昔
3403,惜
3404,亘
3405,栢
3406,涯
3407,鋈
3408,鍚
3409,稅
3410,鉛
3411,昪
3412,廕
3413,風
3414,棋
3415,勾
3416,処
3417,　
3418,樑
3419,砢
3420,覆
3421,匠
3422,窰
3423,䱷
3424,鱗
3425,呈
3426,桃
3427,身
3428,説
3429,所
3430,嚮
3431,瀠
3432,艷
3433,㫼
3434,僴
3435,貔
3436,甡
3437,穡
3438,膰
3439,輸
3440,窗
3441,玷
3442,懽
3443,渴
3444,戈
3445,娘
3446,票
3447,電
3448,黁
3449,孩
3450,蹕
3451,翺
3452,党
3453,匄
3454,托
3455,核
3456,禪
3457,綏
3458,鋂
3459,晰
3460,崯
3461,斡
3462,棁
3463,卯
3464,蕚
3465,㮞
3466,遁
3467,旵
3468,龏
3469,駟
3470,墇
3471,戛
3472,燊
3473,捧
3474,鈗
3475,㻦
3476,抦
3477,疏
3478,別
3479,璽
3480,枬
3481,隅
3482,嶓
3483,恜
3484,剡
3485,奪
3486,外
3487,戎
3488,紿
3489,呼
3490,角
3491,薊
3492,㭘
3493,蘚
3494,糾
3495,骨
3496,靁
3497,叶
3498,机
3499,犇
3500,皜
3501,畇
3502,㟽
3503,虹
3504,㢸
3505,㝱
3506,漁
3507,姒
3508,荂
3509,侊
3510,逴
3511,酂
3512,磁
3513,哀
3514,累
3515,枎
3516,㭁
3517,掖
3518,罨
3519,撒
3520,攝
3521,吼
3522,沒
3523,枱
3524,椐
3525,五
3526,貼
3527,筆
3528,橓
3529,壹
3530,驢
3531,糞
3532,狗
3533,弌
3534,撻
3535,泥
3536,涅
3537,底
3538,宛
3539,苴
3540,尅
3541,稍
3542,佛
3543,迭
3544,狼
3545,畐
3546,㥤
3547,偀
3548,菟
3549,荊
3550,曷
3551,耨
3552,僕
3553,懶
3554,姑
3555,瀧
3556,帥
3557,鈴
3558,堃
3559,漚
3560,縫
3561,匣
3562,怗
3563,頦
3564,牒
3565,、
3566,昚
3567,轄
3568,刮
3569,末
3570,掇
3571,昝
3572,痕
3573,辜
3574,㠖
3575,离
3576,鉢
3577,歎
3578,劣
3579,迦
3580,郍
3581,覩
3582,場
3583,斜
3584,押
3585,徳
3586,珷
3587,憙
3588,記
3589,冊
3590,營
3591,堠
3592,瀈
3593,猥
3594,珄
3595,鰭
3596,駪
3597,窘
3598,屋
3599,洼
3600,頹
3601,勴
3602,屨
3603,鼛
3604,桯
3605,砳
3606,枏
3607,澭
3608,綋
3609,戾
3610,煎
3611,媊
3612,閉
3613,羿
3614,瓈
3615,嘲
3616,浴
3617,曚
3618,邍
3619,贛
3620,堇
3621,匿
3622,擘
3623,糺
3624,啜
3625,排
3626,匹
3627,，
3628,穭
3629,愼
3630,宴
3631,兵
3632,壑
3633,皡
3634,【
3635,莢
3636,土
3637,】
3638,坒
3639,辶
3640,鹵
3641,㖫
3642,移
3643,蘂
3644,瓶
3645,槤
3646,麐
3647,麑
3648,改
3649,郗
3650,七
3651,阻
3652,淪
3653,閶
3654,霓
3655,析
3656,悐
3657,搆
3658,遨
3659,濡
3660,寗
3661,孃
3662,翠
3663,憶
3664,赵
3665,沭
3666,羍
3667,晅
3668,淬
3669,賅
3670,憺
3671,爂
3672,-
3673,+
3674,羆
3675,稀
3676,波
3677,洨
3678,虡
3679,園
3680,兩
3681,鈐
3682,忍
3683,碧
3684,崋
3685,洚
3686,爕
3687,甯
3688,屐
3689,躍
3690,棆
3691,裪
3692,嘿
3693,瞵
3694,鍰
3695,鮪
3696,櫄
3697,狀
3698,棲
3699,旡
3700,疎
3701,汜
3702,諟
3703,嫂
3704,么
3705,跡
3706,无
3707,㬊
3708,睢
3709,氈
3710,庵
3711,隶
3712,簨
3713,䲜
3714,儞
3715,㵯
3716,龕
3717,院
3718,狩
3719,栱
3720,軏
3721,畯
3722,㮙
3723,楃
3724,楗
3725,瑫
3726,竴
3727,出
3728,旴
3729,虬
3730,盉
3731,俴
3732,㻓
3733,幅
3734,匑
3735,腆
3736,皘
3737,㬈
3738,綴
3739,緌
3740,謁
3741,㣓
3742,輵
3743,醫
3744,㣻
3745,㤏
3746,沴
3747,淩
3748,試
3749,違
3750,熄
3751,嫖
3752,懘
3753,璺
3754,㳅
3755,拆
3756,烇
3757,偊
3758,朠
3759,遝
3760,寰
3761,橦
3762,錚
3763,㵶
3764,㬩
3765,灋
3766,駴
3767,岏
3768,苕
3769,逭
3770,詗
3771,壼
3772,想
3773,剸
3774,寤
3775,踈
3776,緄
3777,課
3778,憉
3779,瑹
3780,緻
3781,諼
3782,盪
3783,騂
3784,擡
3785,懇
3786,馡
3787,㒢
3788,迕
3789,郕
3790,茪
3791,唫
3792,鈉
3793,澋
3794,憚
3795,諿
3796,曏
3797,譢
3798,杵
3799,肭
3800,䚮
3801,厖
3802,奒
3803,焉
3804,孴
3805,瑈
3806,瑳
3807,璑
3808,瞞
3809,鋸
3810,謇
3811,儡
3812,歜
3813,醻
3814,玞
3815,竩
3816,敻
3817,杼
3818,㯝
3819,枀
3820,熩
3821,鐇
3822,鑽
3823,諏
3824,驍
3825,儺
3826,稢
3827,㻍
3828,硂
3829,礻
3830,沝
3831,侉
3832,洮
3833,瑐
3834,墾
3835,鏢
3836,檟
3837,湁
3838,媺
3839,鉘
3840,榞
3841,鉻
3842,犀
3843,扛
3844,罙
3845,浥
3846,篔
3847,鐻
3848,琡
3849,淐
3850,珞
3851,㤩
3852,梣
3853,棏
3854,葺
3855,㒇
3856,樀
3857,䅯
3858,諰
3859,檡
3860,鍝
3861,檳
3862,䈣
3863,
3864,瑻
3865,彜
3866,隣
3867,蔽
3868,齪
3869,鄢
3870,云
3871,睨
3872,亥
3873,楍
3874,臾
3875,䇕
3876,舊
3877,驛
3878,蜚
3879,廻
3880,黌
3881,劇
3882,雝
3883,徙
3884,俙
3885,塛
3886,㢗
3887,斧
3888,琸
3889,觡
3890,鋒
3891,閴
3892,曈
3893,跛
3894,戰
3895,櫸
3896,餉
3897,擯
3898,衮
3899,濮
3900,㒡
3901,炁
3902,疁
3903,恊
3904,輻
3905,侶
3906,乳
3907,蟬
3908,空
3909,篷
3910,衲
3911,分
3912,添
3913,燈
3914,効
3915,涼
3916,竟
3917,鐙
3918,滄
3919,厪
3920,媃
3921,娟
3922,珮
3923,煐
3924,纕
3925,畬
3926,茝
3927,紈
3928,鵾
3929,綃
3930,皖
3931,敳
3932,鵲
3933,榖
3934,瓜
3935,那
3936,灜
3937,蓉
3938,湉
3939,鏴
3940,紉
3941,琴
3942,楏
3943,鑲
3944,蘆
3945,箭
3946,菁
3947,嵌
3948,惺
3949,蹊
3950,鴛
3951,葒
3952,沫
3953,黛
3954,聂
3955,圣
3956,蕊
3957,埰
3958,楣
3959,䄎
3960,儷
3961,楘
3962,翎
3963,楞
3964,倭
3965,赮
3966,舫
3967,芙
3968,纖
3969,珧
3970,我
3971,璚
3972,塘
3973,閥
3974,漱
3975,墫
3976,篃
3977,滽
3978,璊
3979,薔
3980,麔
3981,臞
3982,菴
3983,馪
3984,暌
3985,壺
3986,芯
3987,桄
3988,鉚
3989,瑔
3990,冒
3991,歧
3992,鍈
3993,薾
3994,䌌
3995,額
3996,媞
3997,嫺
3998,函
3999,笠
4000,拜
4001,綠
4002,拉
4003,婚
4004,霡
4005,鷗
4006,裮
4007,煕
4008,鷴
4009,埠
4010,鉽
4011,渌
4012,騄
4013,溟
4014,鬫
4015,佚
4016,笙
4017,餐
4018,減
4019,亓
4020,准
4021,坻
4022,苓
4023,弟
4024,佘
4025,兄
4026,驊
4027,勷
4028,樁
4029,灤
4030,瑽
4031,峩
4032,曆
4033,还
4034,寒
4035,篁
4036,姝
4037,到
4038,愫
4039,嫻
4040,峯
4041,袖
4042,枌
4043,玥
4044,芣
4045,匏
4046,菡
4047,陛
4048,鑅
4049,對
4050,顺
4051,妤
4052,邑
4053,堤
4054,燨
4055,咏
4056,姍
4057,暗
4058,敉
4059,蘴
4060,筨
4061,蒔
4062,努
4063,楩
4064,窕
4065,畧
4066,悠
4067,烺
4068,凎
4069,弱
4070,情
4071,琿
4072,婷
4073,篈
4074,諍
4075,鬯
4076,韔
4077,磵
4078,藕
4079,皐
4080,煚
4081,凰
4082,酥
4083,麓
4084,艹
4085,下
4086,禛
4087,榴
4088,頀
4089,他
4090,裀
4091,沁
4092,蟒
4093,兔
4094,胙
4095,鐶
4096,漋
4097,煊
4098,喇
4099,鉝
4100,禵
4101,扎
4102,哩
4103,繞
4104,精
4105,絡
4106,締
4107,瑆
4108,葰
4109,瓦
4110,色
4111,潢
4112,崐
4113,呢
4114,庫
4115,嗎
4116,們
4117,馝
4118,嚕
4119,綳
4120,拴
4121,鈷
4122,喀
4123,鋆
4124,槼
4125,禨
4126,霨
4127,閆
4128,湄
4129,噶
4130,耐
4131,囉
4132,蒯
4133,錕
4134,藜
4135,鐄
4136,渟
4137,溎
4138,橘
4139,地
4140,姫
4141,衆
4142,莽
4143,菉
4144,倌
4145,詣
4146,創
4147,悦
4148,烱
4149,僡
4150,卦
4151,皁
4152,皂
4153,珅
4154,墺
4155,杕
4156,鐈
4157,劍
4158,釴
4159,鍸
4160,負
4161,査
4162,品
4163,旗
4164,璻
4165,插
4166,歙
4167,配
4168,屯
4169,緖
4170,斆
4171,鉁
4172,駕
4173,鋕
4174,埥
4175,槎
4176,廒
4177,島
4178,昑
4179,扣
4180,僂
4181,峨
4182,蚤
4183,漌
4184,簧
4185,啥
4186,懸
4187,佈
4188,示
4189,彗
4190,縓
4191,堦
4192,箥
4193,伛
4194,鋗
4195,暎
4196,嵋
4197,璈
4198,搭
4199,瑃
4200,寉
4201,嘎
4202,玜
4203,烉
4204,廾
4205,焻
4206,閃
4207,烒
4208,銜
4209,吞
4210,譞
4211,燝
4212,懩
4213,熀
4214,哴
4215,每
4216,燏
4217,腊
4218,詥
4219,站
4220,晈
4221,贈
4222,蓂
4223,僙
4224,曧
4225,打
4226,爃
4227,秱
4228,咱
4229,鈁
4230,气
4231,鷺
4232,坪
4233,渼
4234,兎
4235,摩
4236,鐀
4237,臶
4238,編
4239,炌
4240,鎻
4241,堵
4242,碎
4243,櫆
4244,兜
4245,侒
4246,拕
4247,炊
4248,督
4249,磋
4250,擎
4251,哪
4252,奈
4253,祧
4254,媽
4255,沽
4256,贒
4257,瓀
4258,袡
4259,頁
4260,蔳
4261,口
4262,蔴
4263,喊
4264,噒
4265,慱
4266,鍹
4267,滙
4268,鉷
4269,崟
4270,溯
4271,璂
4272,霙
4273,軼
4274,題
4275,挰
4276,强
4277,騧
4278,專
4279,笎
4280,埭
4281,偏
4282,糜
4283,遮
4284,劻
4285,莪
4286,楓
4287,龠
4288,羹
4289,哷
4290,措
4291,鈖
4292,郙
4293,噜
4294,雁
4295,蓬
4296,咧
4297,礬
4298,拍
4299,勅
4300,嘑
4301,埃
4302,嘛
4303,湲
4304,暶
4305,况
4306,樺
4307,寨
4308,帛
4309,瀅
4310,遏
4311,幢
4312,綎
4313,敍
4314,鋮
4315,羾
4316,慜
4317,堡
4318,驃
4319,鑨
4320,砮
4321,禟
4322,榔
4323,珔
4324,顎
4325,簠
4326,鄤
4327,湧
4328,燽
4329,繃
4330,糊
4331,榯
4332,憻
4333,湞
4334,貆
4335,暴
4336,馧
4337,鈍
4338,郿
4339,鍭
4340,勖
4341,晀
4342,巹
4343,烴
4344,聊
4345,鄺
4346,旿
4347,棡
4348,堞
4349,鄣
4350,秌
4351,垝
4352,鉗
4353,鋠
4354,簪
4355,堙
4356,墡
4357,楒
4358,堈
4359,熞
4360,爔
4361,旧
4362,钫
4363,熿
4364,漵
4365,橏
4366,挈
4367,熨
4368,沍
4369,濆
4370,澻
4371,楎
4372,壐
4373,榰
4374,圳
4375,戞
4376,㙺
4377,歹
4378,燂
4379,阯
4380,泮
4381,洍
4382,澯
4383,釧
4384,嵿
4385,瑕
4386,訒
4387,足
4388,飈
4389,朶
4390,芠
4391,耷
4392,澎
4393,杏
4394,蓼
4395,週
4396,隼
4397,垿
4398,滇
4399,㣚
4400,錱
4401,蕑
4402,蒓
4403,妽
4404,墴
4405,硯
4406,淂
4407,驪
4408,帆
4409,檙
4410,喟
4411,瑍
4412,網
4413,菊
4414,央
4415,賛
4416,蒪
4417,锺
4418,姞
4419,沺
4420,鎏
4421,2
4422,蘷
4423,吟
4424,闞
4425,滏
4426,婛
4427,珬
4428,维
4429,薲
4430,芥
4431,涑
4432,縏
4433,媖
4434,鑫
4435,舆
4436,苑
4437,蜎
4438,婧
4439,茬
4440,蓑
4441,䨞
4442,蕉
4443,紅
4444,嬛
4445,婨
4446,茗
4447,额
4448,鐡
4449,閒
4450,此
4451,腹
4452,汧
4453,淓
4454,尢
4455,寸
4456,鈂
4457,騪
4458,驦
4459,玙
4460,柘
4461,洱
4462,烻
4463,浵
4464,珻
4465,畮
4466,㷆
4467,渫
4468,翚
4469,蓍
4470,䤴
4471,縑
4472,瑸
4473,瑬
4474,鏳
4475,繻
4476,敕
4477,晳
4478,枟
4479,籙
4480,萾
4481,溁
4482,譿
4483,追
4484,膴
4485,芊
4486,縈
4487,甥
4488,弦
4489,翧
4490,柃
4491,譝
4492,灥
4493,幟
4494,槑
4495,型
4496,葇
4497,篯
4498,䄉
4499,禑
4500,繐
4501,藤
4502,傽
4503,並
4504,簳
4505,薌
4506,㴶
4507,戇
4508,廬
4509,矯
4510,傖
4511,秫
4512,穟
4513,盼
4514,珥
4515,鰌
4516,眺
4517,稑
4518,萲
4519,甦
4520,㻾
4521,㷾
4522,孽
4523,㥣
4524,㬙
4525,曣
4526,䨴
4527,櫺
4528,團
4529,卉
4530,快
4531,舲
4532,熲
4533,㵢
4534,雘
4535,梯
4536,炑
4537,霶
4538,壻
4539,芫
4540,㳆
4541,緇
4542,稻
4543,鵔
4544,塵
4545,爐
4546,塍
4547,僔
4548,脈
4549,僐
4550,洊
4551,悛
4552,渡
4553,㻬
4554,濖
4555,敩
4556,熼
4557,鮒
4558,躅
4559,淥
4560,禳
4561,劗
4562,翙
4563,纊
4564,指
4565,艅
4566,恤
4567,熤
4568,瓓
4569,岕
4570,斷
4571,䎗
4572,䎙
4573,秇
4574,鉊
4575,梨
4576,隰
4577,臚
4578,鋥
4579,盷
4580,䭲
4581,摛
4582,灦
4583,芍
4584,莟
4585,硜
4586,烋
4587,崡
4588,媚
4589,㥳
4590,皭
4591,颙
4592,兮
4593,雛
4594,座
4595,薀
4596,抒
4597,煝
4598,韺
4599,螭
4600,㟨
4601,蒸
4602,灴
4603,昜
4604,洹
4605,鉏
4606,湳
4607,錂
4608,檠
4609,䎖
4610,粵
4611,蒂
4612,咼
4613,榽
4614,洯
4615,濓
4616,探
4617,粼
4618,邸
4619,銅
4620,㻪
4621,軔
4622,沨
4623,泩
4624,荌
4625,穠
4626,舸
4627,嶪
4628,濊
4629,錀
4630,笑
4631,彲
4632,煉
4633,鬘
4634,鋋
4635,岸
4636,塙
4637,笵
4638,埨
4639,鋿
4640,膽
4641,梃
4642,鋡
4643,惣
4644,楟
4645,暥
4646,嶲
4647,熷
4648,翯
4649,鬴
4650,霪
4651,礨
4652,鏸
4653,䎂
4654,珸
4655,禊
4656,筒
4657,玣
4658,甌
4659,崲
4660,翂
4661,㙨
4662,巧
4663,嵐
4664,坐
4665,焵
4666,韍
4667,瀏
4668,銏
4669,祮
4670,崿
4671,熫
4672,悲
4673,被
4674,橿
4675,嬀
4676,謚
4677,鳦
4678,擷
4679,颿
4680,浺
4681,熉
4682,墪
4683,鞶
4684,鄗
4685,飭
4686,垐
4687,瀍
4688,鶯
4689,崢
4690,涒
4691,尺
4692,棓
4693,鞈
4694,迮
4695,嬴
4696,衠
4697,荼
4698,龎
4699,冼
4700,涖
4701,緜
4702,㟶
4703,
4704,彨
4705,夤
4706,钁
4707,鬍
4708,甪
4709,盍
4710,憤
4711,闇
4712,鐺
4713,枰
4714,齝
4715,矣
4716,烷
4717,莆
4718,鈵
4719,斟
4720,菘
4721,鏷
4722,歌
4723,琈
4724,鄹
4725,湔
4726,檮
4727,柝
4728,椝
4729,迓
4730,滶
4731,琖
4732,供
4733,蓴
4734,䣊
4735,坫
4736,墋
4737,鋑
4738,碐
4739,湝
4740,枕
4741,雒
4742,霔
4743,嵀
4744,嵡
4745,騱
4746,旮
4747,層
4748,圲
4749,橖
4750,侖
4751,影
4752,㪱
4753,懏
4754,銞
4755,炡
4756,鐎
4757,塊
4758,簾
4759,薪
4760,禐
4761,徇
4762,玾
4763,橙
4764,驂
4765,眭
4766,貌
4767,蒞
4768,梫
4769,諺
4770,嶔
4771,涘
4772,幔
4773,䡇
4774,颽
4775,塼
4776,藿
4777,楛
4778,畕
4779,漟
4780,琎
4781,粟
4782,昣
4783,鎖
4784,鵕
4785,禶
4786,祊
4787,潽
4788,竚
4789,詷
4790,繽
4791,遆
4792,羡
4793,湸
4794,筤
4795,簴
4796,箬
4797,鐏
4798,村
4799,獅
4800,絟
4801,牆
4802,㷷
4803,鎤
4804,壔
4805,㮋
4806,葄
4807,邪
4808,瀟
4809,錐
4810,潙
4811,䱎
4812,㦽
4813,傚
4814,顚
4815,縞
4816,巌
4817,顔
4818,甚
4819,湾
4820,悶
4821,蟜
4822,徴
4823,藂
4824,隠
4825,毋
4826,幻
4827,屬
4828,啓
4829,鉟
4830,溵
4831,覧
4832,幽
4833,晧
4834,駼
4835,濳
4836,鄙
4837,厙
4838,掃
4839,齢
4840,閲
4841,灣
4842,辞
4843,嶺
4844,圉
4845,螺
4846,魴
4847,癿
4848,冘
4849,躔
4850,惸
4851,途
4852,瑝
4853,䔄
4854,磎
4855,璬
4856,苧
4857,蘿
4858,煙
4859,呉
4860,渉
4861,踪
4862,諠
4863,醪
4864,莒
4865,勲
4866,寡
4867,嶰
4868,曌
4869,弄
4870,洒
4871,輩
4872,寛
4873,郄
4874,碏
4875,邀
4876,彞
4877,愕
4878,賨
4879,槪
4880,綮
4881,油
4882,織
4883,奬
4884,馳
4885,熔
4886,偡
4887,郫
4888,釣
4889,晶
4890,闉
4891,芉
4892,鍋
4893,冥
4894,戵
4895,鋭
4896,憧
4897,碣
4898,脱
4899,敎
4900,鴉
4901,磨
4902,漑
4903,喩
4904,泚
4905,謬
4906,鉶
4907,救
4908,麹
4909,磧
4910,畚
4911,逍
4912,挻
4913,嬉
4914,澓
4915,玟
4916,旾
4917,壡
4918,翕
4919,鉒
4920,店
4921,私
4922,骘
4923,荩
4924,擧
4925,悫
4926,峄
4927,氵
4928,囯
4929,俣
4930,韪
4931,炔
4932,？
4933,奋
4934,銧
4935,晔
4936,熏
4937,䆅
4938,秷
4939,悗
4940,陴
4941,畺
4942,内
4943,贲
4944,珰
4945,巩
4946,楮
4947,祩
4948,䢍
4949,泫
4950,纮
4951,芋
4952,袀
4953,㟸
4954,翦
4955,蒇
4956,蕆
4957,处
4958,擾
4959,扔
4960,訚
4961,谦
4962,戬
4963,縂
4964,藴
4965,圮
4966,缶
4967,埙
4968,嵗
4969,刍
4970,柽
4971,禠
4972,稶
4973,館
4974,摅
4975,袷
4976,僭
4977,絖
4978,枿
4979,櫬
4980,穮
4981,怙
4982,裏
4983,胲
4984,觌
4985,痲
4986,襟
4987,桧
4988,廈
4989,縢
4990,[
4991,]
4992,仆
4993,苪
4994,関
4995,陈
4996,垲
4997,撢
4998,覬
4999,杌
5000,榷
5001,歟
5002,瀰
5003,烯
5004,眩
5005,骙
5006,伃
5007,篑
5008,弅
5009,玆
5010,刑
5011,帷
5012,擕
5013,斻
5014,旈
5015,廪
5016,体
5017,傢
5018,墍
5019,謭
5020,趄
5021,迾
5022,邌
5023,矝
5024,璝
5025,綢
5026,椯
5027,愖
5028,諡
5029,謼
5030,欩
5031,謜
5032,极
5033,氓
5034,藡
5035,釠
5036,棕
5037,棼
5038,鋻
5039,澢
5040,鄀
5041,呐
5042,棪
5043,騠
5044,籽
5045,戯
5046,艁
5047,謮
5048,譒
5049,㷓
5050,樻
5051,迿
5052,筍
5053,困
5054,柞
5055,衽
5056,鈄
5057,蔤
5058,煋
5059,娒
5060,騮
5061,嫆
5062,厓
5063,睊
5064,孄
5065,砎
5066,藼
5067,鸝
5068,婌
5069,吹
5070,凈
5071,瑶
5072,篠
5073,嬾
5074,㚝
5075,刺
5076,䚟
5077,昛
5078,峪
5079,綧
5080,{
5081,}
5082,澮
5083,皥
5084,温
5085,醜
5086,攤
5087,唆
5088,鬳
5089,騾
5090,猪
5091,慤
5092,蔑
5093,凟
5094,抹
5095,甕
5096,盞
5097,彡
5098,闍
5099,抄
5100,闑
5101,夾
5102,秃
5103,婢
5104,泜
5105,頍
5106,蕢
5107,鍼
5108,闖
5109,狂
5110,墅
5111,伴
5112,猱
5113,氣
5114,奔
5115,催
5116,澸
5117,謰
5118,邾
5119,㴵
5120,稭
5121,棘
5122,㮒
5123,郤
5124,憨
5125,絇
5126,觿
5127,鬧
5128,滅
5129,衟
5130,齩
5131,䂮
5132,曁
5133,䇓
5134,懲
5135,欅
5136,乜
5137,舅
5138,換
5139,珇
5140,粘
5141,褥
5142,使
5143,汻
5144,惪
5145,椋
5146,隚
5147,萍
5148,䮄
5149,燇
5150,嵈
5151,妄
5152,吝
5153,寳
5154,婍
5155,
5156,稘
5157,碍
5158,訾
5159,冔
5160,顉
5161,贏
5162,禿
5163,㺹
5164,廸
5165,趣
5166,壤
5167,妮
5168,灰
5169,炞
5170,
5171,玓
5172,珆
5173,搠
5174,牽
5175,戶
5176,弤
5177,堧
5178,嗛
5179,爆
5180,䘏
5181,撖
5182,昩
5183,喧
5184,嬌
5185,懺
5186,鵶
5187,卑
5188,旒
5189,瘦
5190,冋
5191,禰
5192,入
5193,嘯
5194,漩
5195,吃
5196,葩
5197,雜
5198,攬
5199,俺
5200,怯
5201,灘
5202,唵
5203,籃
5204,匝
5205,覇
5206,抝
5207,姓
5208,閤
5209,仳
5210,禀
5211,潑
5212,撥
5213,除
5214,諦
5215,剳
5216,茶
5217,差
5218,棗
5219,厮
5220,眼
5221,琱
5222,倒
5223,禡
5224,抵
5225,湼
5226,勘
5227,歇
5228,曳
5229,訖
5230,爪
5231,霅
5232,蘸
5233,腯
5234,捉
5235,撅
5236,巙
5237,擔
5238,苦
5239,麽
5240,呵
5241,腦
5242,闌
5243,喃
5244,簀
5245,瓮
5246,妥
5247,卽
5248,撼
5249,食
5250,討
5251,棧
5252,囘
5253,沓
5254,娑
5255,牀
5256,算
5257,咬
5258,嵬
5259,拏
5260,疊
5261,落
5262,凍
5263,吐
5264,㽘
5265,枉
5266,缃
5267,黄
5268,閨
5269,錪
5270,烟
5271,姐
5272,濼
5273,鷮
5274,邘
5275,顾
5276,贾
5277,虚
5278,婦
5279,吁
5280,钜
5281,盻
5282,凤
5283,娜
5284,姨
5285,姊
5286,吴
5287,旐
5288,赋
5289,釵
5290,薝
5291,嫗
5292,㜪
5293,妓
5294,侄
5295,张
5296,筑
5297,惋
5298,翩
5299,筋
5300,挼
5301,孥
5302,潺
5303,崗
5304,廡
5305,粉
5306,傛
5307,灧
5308,酋
5309,架
5310,綫
5311,陘
5312,脁
5313,婤
5314,判
5315,醢
5316,涌
5317,鳯
5318,＋
5319,晴
5320,荣
5321,孰
5322,晹
5323,攎
5324,佪
5325,峸
5326,愆
5327,怞
5328,簽
5329,=
5330,駽
5331,襈
5332,宷
5333,槢
5334,忂
5335,绹
5336,攑
5337,檏
5338,飜
5339,晛
5340,揔
5341,䅳
5342,隐
5343,荘
5344,銶
5345,姮
5346,娵
5347,茯
5348,卮
5349,晱
5350,静
5351,姿
5352,鋙
5353,妍
5354,蠖
5355,藯
5356,盦
5357,娧
5358,妗
5359,鬟
5360,絮
5361,縵
5362,藟
5363,蒿
5364,嫣
5365,嬃
5366,蝶
5367,杺
5368,繭
5369,婺
5370,爛
5371,1
5372,3
5373,6
5374,7
5375,8
5376,0
5377,5
5378,4
5379,9
5380,衞
5381,樨
5382,娉
5383,鳥
5384,顰
5385,邨
5386,壆
5387,嫈
5388,嵸
5389,筱
5390,愸
5391,榭
5392,鍛
5393,姪
5394,妝
5395,酒
5396,嫩
5397,娛
5398,茜
5399,賔
5400,肌
5401,撚
5402,俏
5403,舞
5404,娣
5405,夕
5406,亏
5407,霏
5408,粧
5409,妖
5410,翡
5411,涎
5412,械
5413,玼
5414,嫰
5415,莞
5416,氻
5417,娃
5418,婇
5419,眙
5420,㬅
5421,飄
5422,孋
5423,袌
5424,涭
5425,裡
5426,灠
5427,夸
5428,陣
5429,尔
5430,泊
5431,埒
5432,瑯
5433,汗
5434,崆
5435,玻
5436,滾
5437,汎
5438,筯
5439,碑
5440,琾
5441,坃
5442,琔
5443,拿
5444,鸿
5445,昐
5446,眞
5447,屛
5448,嫡
5449,䋊
5450,㒜
5451,璒
5452,精
5453,謳
5454,襞
5455,埕
5456,磬
5457,𦓹
5458,仭
5459,銕
5460,㘧
5461,颯
5462,㳚
5463,淤
5464,𨮁
5465,𤏳
5466,𡐤
5467,烊
5468,堄
5469,烄
5470,爝
5471,枘
5472,榣
5473,欏
5474,滼
5475,柵
5476,噤
5477,槨
5478,鈏
5479,鏤
5480,坅
5481,㙔
5482,㮮
5483,㮵
5484,爋
5485,頣
5486,堀
5487,塚
5488,鋢
5489,堚
5490,㬜
5491,熬
5492,㸅
5493,鋪
5494,鍗
5495,橎
5496,㰘
5497,熰
5498,
5499,鎜
5500,㠐
5501,濁
5502,釆
5503,菲
5504,柰
5505,㫤
5506,蔉
5507,頴
5508,濙
5509,驗
5510,圿
5511,浪
5512,竳
5513,袺
5514,㦂
5515,熂
5516,鴈
5517,㭿
5518,釬
5519,㙱
5520,靑
5521,𢋡
5522,𤩰
5523,飲
5524,彛
5525,卻
5526,瀔
5527,郞
5528,徑
5529,颷
5530,𤊹
5531,䢿
5532,樌
5533,鍷
5534,鳶
5535,𦐿
5536,魄
5537,鈳
5538,烓
5539,蕖
5540,鑭
5541,鬼
5542,䡵
5543,畱
5544,卭
5545,琉
5546,鞾
5547,焲
5548,佲
5549,鴊
5550,䆡
5551,赦
5552,岢
5553,輄
5554,𨧿
5555,靉
5556,焀
5557,唻
5558,幕
5559,継
5560,閰
5561,𦔐
5562,嶫
5563,𢘅
5564,𨭉
5565,遍
5566,哻
5567,䲀
5568,鱀
5569,巏
5570,玒
5571,璄
5572,麴
5573,鵑
5574,銭
5575,邂
5576,廛
5577,牲
5578,圤
5579,鑱
5580,忩
5581,槦
5582,妲
5583,嵷
5584,嫕
5585,紗
5586,倖
5587,谭
5588,从
5589,孙
5590,眕
5591,搔
5592,蒜
5593,娙
5594,逐
5595,羈
5596,仉
5597,緹
5598,吕
5599,雉
5600,驕
5601,卫
5602,鶩
5603,蒋
5604,琵
5605,琶
5606,瘤
5607,魂
5608,炀
5609,暧
5610,鞅
5611,嬙
5612,韩
5613,嫽
5614,冯
5615,羋
5616,俀
5617,軖
5618,毘
5619,嬋
5620,颜
5621,瑷
5622,染
5623,嵊
5624,鷓
5625,嗼
5626,熪
5627,䛾
5628,兖
5629,泙
5630,敀
5631,佢
5632,瑙
5633,穴
5634,朽
5635,枻
5636,鏑
5637,珶
5638,櫏
5639,录
5640,艸
5641,瀝
5642,嵑
5643,涴
5644,侇
5645,瀘
5646,訕
5647,財
5648,玧
5649,悤
5650,瑅
5651,裝
5652,暀
5653,遈
5654,便
5655,撲
5656,剪
5657,譱
5658,鑚
5659,暮
5660,愙
5661,污
5662,枯
5663,騷
5664,各
5665,怦
5666,陁
5667,佰
5668,傷
5669,邏
5670,湏
5671,媄
5672,秤
5673,儜
5674,娬
5675,亡
5676,漫
5677,低
5678,喪
5679,Γ
5680,㮣
5681,等
5682,甑
5683,訶
5684,杴
5685,爨
5686,憾
5687,弍
5688,曔
5689,齒
5690,懰
5691,酺
5692,喭
5693,裦
5694,
5695,攵
5696,遣
5697,捐
5698,嬇
5699,暆
5700,手
5701,■
5702,苾
5703,眄
5704,囗
5705,娩
5706,糸
5707,胐
5708,銲
5709,
5710,緼
5711,嬪
5712,偭
5713,琁
5714,潨
5715,凑
5716,姹
5717,稃
5718,煴
5719,凖
5720,緩
5721,惎
5722,眈
5723,
5724,斋
5725,証
5726,掉
5727,涿
5728,慇
5729,宀
5730,艤
5731,氾
5732,鼻
5733,貭
5734,纪
5735,皛
5736,鼓
5737,俎
5738,愁
5739,盖
5740,穏
5741,匐
5742,鶻
5743,钑
5744,浼
5745,肆
5746,
5747,貨
5748,浰
5749,愜
5750,嬐
5751,謠
5752,市
5753,侱
5754,戠
5755,挂
5756,櫧
5757,釰
5758,揀
5759,媒
5760,騽
5761,剁
5762,逆
5763,寷
5764,鉥
5765,辿
5766,涀
5767,扢
5768,晠
5769,鷾
5770,揩
5771,挐
5772,廞
5773,朓
5774,䓲
5775,禽
5776,鰒
5777,陲
5778,囧
5779,態
5780,撤
5781,礼
5782,嫮
5783,顙
5784,輍
5785,婿
5786,刀
5787,貳
5788,凶
5789,驩
5790,蠟
5791,统
5792,觸
5793,煞
5794,埋
5795,䛒
5796,厝
5797,捨
5798,虢
5799,昏
5800,阤
5801,褐
5802,擒
5803,叱
5804,岿
5805,竭
5806,α
5807,儦
5808,儹
5809,㚚
5810,驡
5811,幫
5812,漠
5813,噲
5814,虧
5815,礭
5816,螬
5817,
5818,踏
5819,覓
5820,翝
5821,蓐
5822,乔
5823,悍
5824,涚
5825,蔓
5826,π
5827,䛬
5828,繟
5829,佻
5830,煩
5831,臥
5832,琄
5833,㝵
5834,广
5835,覞
5836,賏
5837,婼
5838,諆
5839,玪
5840,㑺
5841,丄
5842,昢
5843,埻
5844,墿
5845,慆
5846,籯
5847,邳
5848,灞
5849,倨
5850,廿
5851,贖
5852,暖
5853,釓
5854,佋
5855,倗
5856,䣀
5857,稌
5858,曍
5859,潓
5860,﹀
5861,掾
5862,罌
5863,犫
5864,禼
5865,泛
5866,砅
5867,胃
5868,雰
5869,逺
5870,剬
5871,恁
5872,乹
5873,栟
5874,訅
5875,謑
5876,樳
5877,楬
5878,礠
5879,牘
5880,旱
5881,斝
5882,廑
5883,卅
5884,㮁
5885,臊
5886,縻
5887,鷫
5888,緀
5889,齬
5890,ㄘ
5891,停
5892,偵
5893,瓄
5894,夭
5895,貂
5896,粗
5897,鄱
5898,暵
5899,舶
5900,怛
5901,焠
5902,茱
5903,扞
5904,蔶
5905,橈
5906,耇
5907,輶
5908,㟧
5909,㐅
5910,奼
5911,︵
5912,欵
5913,脢
5914,萴
5915,嵫
5916,䳲
5917,岧
5918,蕈
5919,獠
5920,睃
5921,萧
5922,鎝
5923,櫓
5924,霣
5925,祠
5926,䘪
5927,閿
5928,幧
5929,啉
5930,淋
5931,皈
5932,＊
5933,门
5934,咄
5935,盆
5936,蓨
5937,往
5938,樣
5939,袒
5940,宵
5941,㻧
5942,
5943,渊
5944,婕
5945,翅
5946,敫
5947,潰
5948,釩
5949,祑
5950,
5951,
5952,
5953,夂
5954,觖
5955,︱
5956,
5957,华
5958,
5959,
5960,钵
5961,濺
5962,騁
5963,儧
5964,垡
5965,
5966,咺
5967,騖
5968,殺
5969,慍
5970,䋶
5971,泹
5972,返
5973,
5974,胨
5975,犍
5976,豎
5977,闠
5978,扌
5979,癶
5980,
5981,洷
5982,
5983,銚
5984,絆
5985,幘
5986,糹
5987,咢
5988,睒
5989,荒
5990,垧
5991,
5992,
5993,忝
5994,茀
5995,憩
5996,
5997,潕
5998,簞
5999,𨙸
6000,
6001,
6002,
6003,埝
6004,鯖
6005,暅
6006,旆
6007,
6008,
6009,颂
6010,䀪
6011,
6012,岋
6013,灒
6014,
6015,
6016,
6017,
6018,鯢
6019,澌
6020,疥
6021,
6022,槽
6023,璴
6024,帟
6025,圍
6026,估
6027,
6028,
6029,
6030,壞
6031,軡
6032,倅
6033,
6034,
6035,謲
6036,
6037,隕
6038,
6039,
6040,腋
6041,針
6042,
6043,
6044,
6045,咅
6046,ㄧ
6047,紜
6048,戍
6049,戟
6050,挾
6051,
6052,楦
6053,墠
6054,軋
6055,昗
6056,琂
6057,テ
6058,晖
6059,訷
6060,罄
6061,汞
6062,霜
6063,懐
6064,碕
6065,辣
6066,棸
6067,媵
6068,荆
6069,腪
6070,阝
6071,滎
6072,荐
6073,傺
6074,諓
6075,晘
6076,亻
6077,閛
6078,釖
6079,鄠
6080,䪻
6081,恵
6082,虊
6083,粒
6084,邮
6085,腞
6086,瑠
6087,恰
6088,茙
6089,溆
6090,惓
6091,鄅
6092,賝
6093,購
6094,篋
6095,技
6096,隄
6097,輜
6098,甝
6099,佼
6100,薕
6101,凜
6102,鍌
6103,覦
6104,咒
6105,黓
6106,榤
6107,籧
6108,崘
6109,隒
6110,憓
6111,冱
6112,琓
6113,焕
6114,凉
6115,揁
6116,㻌
6117,彣
6118,翫
6119,滻
6120,忛
6121,峹
6122,嶨
6123,屳
6124,泱
6125,緷
6126,錥
6127,曎
6128,
6129,䒠
6130,/
6131,㥓
6132,雚
6133,瀓
6134,㢡
6135,弣
6136,懻
6137,汨
6138,紵
6139,絙
6140,紩
6141,暭
6142,莓
6143,灩
6144,筧
6145,罃
6146,屴
6147,簹
6148,揞
6149,紑
6150,嵍
6151,透
6152,鶵
6153,斂
6154,撗
6155,鍜
6156,㝏
6157,鵰
6158,禓
6159,拪
6160,崳
6161,嶛
6162,柅
6163,㥄
6164,膠
6165,稧
6166,沌
6167,鄜
6168,郔
6169,淊
6170,穊
6171,䪹
6172,盾
6173,晷
6174,詭
6175,圢
6176,詖
6177,怠
6178,崨
6179,鄟
6180,摳
6181,枳
6182,㞯
6183,灁
6184,㭊
6185,澶
6186,迆
6187,蒍
6188,破
6189,恣
6190,鐧
6191,洿
6192,鈹
6193,嶕
6194,反
6195,鏽
6196,蔜
6197,泝
6198,㡵
6199,暿
6200,奄
6201,彎
6202,鏈
6203,鏶
6204,璍
6205,墩
6206,䋔
6207,栵
6208,疄
6209,閈
6210,閽
6211,轉
6212,尞
6213,瑉
6214,厎
6215,剋
6216,償
6217,淄
6218,暤
6219,闤
6220,鵙
6221,伶
6222,荥
6223,澟
6224,蒹
6225,斕
6226,巉
6227,杳
6228,藇
6229,絧
6230,侚
6231,禝
6232,繘
6233,溰
6234,㽥
6235,䛑
6236,羌
6237,䵎
6238,邟
6239,擋
6240,亲
6241,謘
6242,儌
6243,厘
6244,㙻
6245,誗
6246,翉
6247,軥
6248,轓
6249,潊
6250,繸
6251,聓
6252,豊
6253,随
6254,䢼
6255,郹
6256,鰼
6257,义
6258,拒
6259,鈃
6260,茸
6261,鈒
6262,悞
6263,鰅
6264,汙
6265,濃
6266,濣
6267,崒
6268,蚡
6269,硎
6270,䳑
6271,鴒
6272,鴋
6273,枵
6274,棹
6275,䔲
6276,柖
6277,橾
6278,桲
6279,栒
6280,檈
6281,㑥
6282,㓗
6283,㻁
6284,琀
6285,夽
6286,恡
6287,戀
6288,認
6289,謟
6290,輨
6291,輹
6292,䡋
6293,㝡
6294,蕩
6295,悚
6296,悸
6297,
6298,㝗
6299,昵
6300,䇅
6301,袨
6302,峽
6303,侈
6304,据
6305,稒
6306,椽
6307,㺩
6308,惶
6309,玎
6310,餕
6311,餇
6312,䭑
6313,㺺
6314,㝣
6315,櫾
6316,榧
6317,槄
6318,㰋
6319,梢
6320,桋
6321,偆
6322,僾
6323,俓
6324,僆
6325,僝
6326,俔
6327,伓
6328,倛
6329,佴
6330,僇
6331,佗
6332,俘
6333,仂
6334,侳
6335,䢔
6336,悺
6337,忄
6338,㤝
6339,濘
6340,惴
6341,憒
6342,嵯
6343,祤
6344,譟
6345,冤
6346,烹
6347,趍
6348,惀
6349,銯
6350,輰
6351,蜕
6352,笋
6353,郑
6354,隽
6355,顛
6356,皿
6357,絈
6358,綪
6359,犮
6360,撣
6361,煲
6362,憮
6363,綆
6364,翣
6365,繄
6366,貿
6367,鉾
6368,澞
6369,仠
6370,絹
6371,溒
6372,悼
6373,輳
6374,乗
6375,頩
6376,番
6377,醯
6378,㺽
6379,箊
6380,沬
6381,挽
6382,菙
6383,湹
6384,綅
6385,㻮
6386,佔
6387,磷
6388,礹
6389,䳦
6390,綑
6391,綀
6392,衳
6393,䮐
6394,閠
6395,床
6396,愠
6397,鄚
6398,譼
6399,竪
6400,翶
6401,郱
6402,堰
6403,懔
6404,坂
6405,忸
6406,鍻
6407,潏
6408,巚
6409,徼
6410,摧
6411,㤾
6412,稿
6413,确
6414,煨
6415,烑
6416,燰
6417,隍
6418,賂
6419,濫
6420,憘
6421,髙
6422,鏠
6423,漾
6424,邗
6425,褏
6426,罡
6427,瓉
6428,昹
6429,馵
6430,㻞
6431,醞
6432,檃
6433,翓
6434,陜
6435,輊
6436,鸃
6437,恦
6438,筞
6439,㵾
6440,鍃
6441,㵝
6442,罍
6443,絍
6444,虁
6445,暺
6446,聦
6447,攴
6448,椂
6449,嶤
6450,
6451,榶
6452,
6453,繗
6454,坌
6455,
6456,
6457,烶
6458,勑
6459,汛
6460,緋
6461,襓
6462,尙
6463,駁
6464,寭
6465,檄
6466,虺
6467,熯
6468,鋟
6469,亹
6470,鲍
6471,晆
6472,熇
6473,爼
6474,冝
6475,鮤
6476,旍
6477,祦
6478,叚
6479,朂
6480,聮
6481,邉
6482,檗
6483,壂
6484,舂
6485,派
6486,爻
6487,鑂
6488,鑪
6489,墱
6490,鷁
6491,纉
6492,寏
6493,鈔
6494,术
6495,熟
6496,蟄
6497,觧
6498,徤
6499,愽
6500,葑
6501,儯
6502,裸
6503,翾
6504,珎
6505,苘
6506,
6507,鄷
6508,諌
6509,熈
6510,萌
6511,舘
6512,竒
6513,燆
6514,翲
6515,寍
6516,莚
6517,鄼
6518,凃
6519,荁
6520,夣
6521,麃
6522,炶
6523,禇
6524,形
6525,熖
6526,彚
6527,㣧
6528,醒
6529,綂
6530,瑧
6531,垸
6532,珢
6533,複
6534,梐
6535,揄
6536,膝
6537,黍
6538,橰
6539,㫛
6540,暏
6541,廵
6542,黙
6543,貲
6544,晡
6545,缸
6546,訟
6547,數
6548,晑
6549,輇
6550,鷖
6551,騢
6552,禺
6553,鵡
6554,鷤
6555,肻
6556,㙏
6557,鑕
6558,
6559,蔪
6560,苀
6561,袍
6562,障
6563,鶉
6564,鷙
6565,鐮
6566,脉
6567,韎
6568,凇
6569,騘
6570,庖
6571,蓗
6572,荍
6573,港
6574,廂
6575,
6576,
6577,
6578,
6579,鍍
6580,
6581,忡
6582,㤨
6583,
6584,綉
6585,匋
6586,䙉
6587,聆
6588,淅
6589,鯾
6590,㴰
6591,矧
6592,樿
6593,鏵
6594,黿
6595,鞼
6596,徖
6597,爇
6598,兊
6599,螯
6600,欄
6601,
6602,豢
6603,覘
6604,潬
6605,膾
6606,榅
6607,燻
6608,棿
6609,濶
6610,斾
6611,騆
6612,牗
6613,蕎
6614,䆃
6615,槹
6616,
6617,开
6618,攷
6619,攻
6620,㝯
6621,䌀
6622,紭
6623,紟
6624,鱸
6625,株
6626,样
6627,怐
6628,棊
6629,綾
6630,嚳
6631,薺
6632,夰
6633,啇
6634,焸
6635,紕
6636,綐
6637,啚
6638,叅
6639,溋
6640,珡
6641,庄
6642,筭
6643,湩
6644,峕
6645,鏇
6646,浸
6647,滓
6648,軨
6649,㩲
6650,鑢
6651,璔
6652,墊
6653,嵱
6654,蓳
6655,錋
6656,泟
6657,傕
6658,鎂
6659,坿
6660,缜
6661,蠋
6662,蕓
6663,薹
6664,窿
6665,耈
6666,芩
6667,霷
6668,秈
6669,滯
6670,洩
6671,徂
6672,棖
6673,䴊
6674,亳
6675,肉
6676,栥
6677,鑘
6678,鮣
6679,黥
6680,晣
6681,㯍
6682,鹍
6683,襐
6684,裭
6685,㣍
6686,堣
6687,瀷
6688,䋲
6689,
6690,個
6691,炖
6692,煣
6693,煾
6694,碗
6695,裿
6696,菖
6697,蘢
6698,茺
6699,薵
6700,萄
6701,苒
6702,晿
6703,緽
6704,焃
6705,烽
6706,墰
6707,㷘
6708,
6709,鸛
6710,瓃
6711,
6712,焄
6713,濎
6714,芴
6715,弴
6716,讝
6717,忎
6718,鐤
6719,丈
6720,煖
6721,苔
6722,泒
6723,豕
6724,硨
6725,玽
6726,睺
6727,曨
6728,桞
6729,㯽
6730,櫿
6731,鈦
6732,鎌
6733,訐
6734,梚
6735,﨣
6736,碓
6737,怍
6738,歉
6739,鵉
6740,枙
6741,礦
6742,壝
6743,櫝
6744,韑
6745,兹
6746,禖
6747,碤
6748,鈓
6749,蓄
6750,騟
6751,駬
6752,瀫
6753,硡
6754,矚
6755,沋
6756,伀
6757,諣
6758,寕
6759,祏
6760,憽
6761,蝀
6762,㸌
6763,剴
6764,秭
6765,怕
6766,㥠
6767,栾
6768,裹
6769,袋
6770,鲛
6771,嵅
6772,藁
6773,壣
6774,㶴
6775,䔍
6776,沱
6777,暋
6778,虓
6779,菅
6780,鎕
6781,琙
6782,驅
6783,顖
6784,昃
6785,埍
6786,紝
6787,圴
6788,䖑
6789,䖕
6790,虤
6791,遉
6792,莭
6793,委
6794,箮
6795,筬
6796,婣
6797,浠
6798,楯
6799,㼆
6800,㻷
6801,竲
6802,鶬
6803,
6804,潜
6805,櫨
6806,鬰
6807,衘
6808,棽
6809,䤾
6810,仜
6811,嵔
6812,珈
6813,籩
6814,讞
6815,翷
6816,翢
6817,觜
6818,竬
6819,恍
6820,钀
6821,
6822,洳
6823,枲
6824,蘬
6825,闥
6826,鐼
6827,峑
6828,衁
6829,徧
6830,浫
6831,䌅
6832,紏
6833,劾
6834,棎
6835,㙞
6836,頄
6837,謫
6838,檼
6839,
6840,㵰
6841,叄
6842,㰌
6843,衕
6844,桉
6845,岜
6846,鐖
6847,碔
6848,睴
6849,譁
6850,
6851,襸
6852,霯
6853,䨌
6854,阼
6855,薤
6856,䅘
6857,椃
6858,輾
6859,軓
6860,䮾
6861,䘽
6862,
6863,櫕
6864,补
6865,捌
6866,䘻
6867,襇
6868,襴
6869,悬
6870,銎
6871,韹
6872,䪧
6873,鍞
6874,葚
6875,雈
6876,煛
6877,㫰
6878,熑
6879,鉄
6880,菽
6881,鯆
6882,鈛
6883,鱉
6884,弛
6885,銴
6886,忯
6887,迌
6888,㩤
6889,摙
6890,挶
6891,担
6892,澦
6893,亐
6894,垙
6895,溝
6896,忘
6897,胖
6898,柌
6899,惖
6900,溙
6901,淕
6902,㻊
6903,滜
6904,䇐
6905,竱
6906,壚
6907,瑌
6908,觶
6909,曩
6910,晜
6911,售
6912,矅
6913,簋
6914,璶
6915,恈
6916,鍧
6917,縊
6918,巗
6919,㦉
6920,怟
6921,鈭
6922,鷃
6923,蒒
6924,箺
6925,韾
6926,筦
6927,枸
6928,桁
6929,焰
6930,爖
6931,熡
6932,泭
6933,橺
6934,柿
6935,錎
6936,鏼
6937,鋝
6938,輒
6939,
6940,纈
6941,绚
6942,栙
6943,鮫
6944,䡒
6945,㻑
6946,秔
6947,溏
6948,鐛
6949,鸚
6950,輢
6951,㺭
6952,屷
6953,鰣
6954,
6955,絗
6956,鉆
6957,鈧
6958,樬
6959,淎
6960,
6961,滐
6962,僶
6963,禢
6964,祼
6965,䥏
6966,璗
6967,緮
6968,頨
6969,衫
6970,凁
6971,湶
6972,珘
6973,瑲
6974,惁
6975,㶇
6976,霳
6977,襃
6978,
6979,巠
6980,脤
6981,䪫
6982,鶺
6983,鵅
6984,讑
6985,
6986,儱
6987,曤
6988,慨
6989,肫
6990,絨
6991,燥
6992,渺
6993,翴
6994,䲹
6995,隮
6996,顴
6997,頙
6998,斒
6999,
7000,肥
7001,埁
7002,巃
7003,鰐
7004,鍳
7005,襗
7006,綨
7007,舄
7008,穹
7009,鉙
7010,䝺
7011,陭
7012,鵒
7013,蔩
7014,儐
7015,䜭
7016,㕡
7017,獄
7018,㼅
7019,鷨
7020,䴃
7021,侣
7022,嵂
7023,刪
7024,縜
7025,促
7026,䀉
7027,䀂
7028,面
7029,铭
7030, 
7031,璃
7032,燼
7033,㷍
7034,糴
7035,窮
7036,汰
7037,翑
7038,耟
7039,浻
7040,堎
7041,奩
7042,奫
7043,頰
7044,翳
7045,憛
7046,惚
7047,㼸
7048,甐
7049,甗
7050,㼺
7051,瓅
7052,犴
7053,矱
7054,坯
7055,壕
7056,埛
7057,䡧
7058,檣
7059,
7060,祴
7061,浜
7062,湂
7063,鈊
7064,柶
7065,幄
7066,柒
7067,棔
7068,惝
7069,翪
7070,盂
7071,䵼
7072,㶏
7073,雧
7074,煢
7075,莍
7076,鯬
7077,䢰
7078,昻
7079,袏
7080,䚸
7081,案
7082,褀
7083,輞
7084,牡
7085,鋀
7086,爊
7087,濽
7088,㶎
7089,岪
7090,艇
7091,韮
7092,莗
7093,芽
7094,鹽
7095,鈎
7096,駘
7097,陝
7098,撍
7099,䋹
7100,袩
7101,搌
7102,馤
7103,隹
7104,
7105,錭
7106,鎒
7107,鎱
7108,显
7109,巷
7110,萸
7111,茽
7112,堥
7113,墂
7114,鈱
7115,置
7116,鴞
7117,犬
7118,鯙
7119,襖
7120,贑
7121,氿
7122,炿
7123,絕
7124,梆
7125,㫊
7126,雴
7127,
7128,椎
7129,忏
7130,紌
7131,靆
7132,艨
7133,泡
7134,阡
7135,阷
7136,陌
7137,薑
7138,昮
7139,櫋
7140,恖
7141,䥓
7142,襍
7143,恱
7144,訑
7145,滲
7146,㶌
7147,㦢
7148,偦
7149,鍯
7150,聴
7151,琤
7152,壃
7153,
7154,秵
7155,尭
7156,鷥
7157,銊
7158,
7159,篥
7160,騵
7161,蔘
7162,楴
7163,䄓
7164,屇
7165,藀
7166,堢
7167,鷂
7168,鑋
7169,枊
7170,
7171,俚
7172,郮
7173,䀿
7174,菔
7175,褵
7176,冸
7177,靛
7178,轆
7179,轤
7180,䡘
7181,
7182,
7183,肙
7184,畲
7185,檔
7186,戃
7187,駙
7188,俜
7189,璼
7190,劵
7191,僿
7192,鋞
7193,袶
7194,䎕
7195,恇
7196,縿
7197,蘥
7198,鰉
7199,鱨
7200,偟
7201,灓
7202,灉
7203,贅
7204,貕
7205,銂
7206,鑺
7207,菜
7208,檯
7209,騺
7210,畜
7211,亰
7212,背
7213,愢
7214,䧦
7215,枓
7216,聝
7217,涱
7218,䋻
7219,橃
7220,樫
7221,鏆
7222,蜜
7223,裛
7224,楅
7225,楲
7226,檍
7227,䮫
7228,秆
7229,牌
7230,紬
7231,繰
7232,扉
7233,冧
7234,槿
7235,葸
7236,禘
7237,埇
7238,塩
7239,眆
7240,銃
7241,鋏
7242,摝
7243,嵄
7244,晬
7245,觪
7246,㤚
7247,糼
7248,錬
7249,瓠
7250,叁
7251,銹
7252,楸
7253,綘
7254,㻋
7255,膩
7256,伻
7257,緫
7258,燚
7259,鷳
7260,篚
7261,輖
7262,柚
7263,赳
7264,窻
7265,檑
7266,烐
7267,㷄
7268,敟
7269,縤
7270,錘
7271,厫
7272,敶
7273,酌
7274,恝
7275,犢
7276,芎
7277,餙
7278,胿
7279,謴
7280,齘
7281,幖
7282,浲
7283,陖
7284,鈾
7285,㵬
7286,椄
7287,燘
7288,暚
7289,貸
7290,貰
7291,漏
7292,䛘
7293,袊
7294,㻠
7295,秸
7296,琹
7297,㝫
7298,鏋
7299,錅
7300,爓
7301,燷
7302,鄥
7303,㬋
7304,蓘
7305,朞
7306,澩
7307,駩
7308,蓆
7309,晾
7310,攣
7311,絑
7312,垤
7313,掩
7314,釙
7315,䂓
7316,
7317,㻛
7318,褅
7319,莑
7320,鄮
7321,
7322,
7323,
7324,祒
7325,漈
7326,栈
7327,䕫
7328,洁
7329,暊
7330,㫜
7331,鏄
7332,垽
7333,坋
7334,䤭
7335,䳌
7336,鯕
7337,嶾
7338,㠏
7339,㟐
7340,䅰
7341,㴓
7342,貅
7343,瀴
7344,忳
7345,闙
7346,黹
7347,扁
7348,釡
7349,抲
7350,慊
7351,穪
7352,羙
7353,饌
7354,弶
7355,
7356,憢
7357,䅕
7358,㻐
7359,䎘
7360,緎
7361,籣
7362,慣
7363,郏
7364,焅
7365,繳
7366,滴
7367,詺
7368,䥔
7369,崠
7370,磸
7371,僣
7372,霐
7373,諳
7374,鮥
7375,廠
7376,鶔
7377,㺿
7378,
7379,
7380,
7381,呆
7382,俆
7383,脗
7384,鱟
7385,鱒
7386,檊
7387,䨒
7388,邐
7389,
7390,慓
7391,垈
7392,埫
7393,㙊
7394,湰
7395,洖
7396,蕯
7397,硃
7398,炱
7399,焋
7400,禁
7401,埞
7402,岓
7403,擁
7404,鐌
7405,
7406,萀
7407,芟
7408,碾
7409,爙
7410,烰
7411,軹
7412,鞭
7413,爲
7414,䌙
7415,养
7416,暙
7417,觐
7418,竝
7419,隝
7420,悻
7421,婴
7422,驁
7423,㐌
7424,傉
7425,割
7426,标
7427,墭
7428,宝
7429,临
7430,烨
7431,历
7432,载
7433,仪
7434,陬
7435,慡
7436,誇
7437,㠎
7438,瑂
7439,瓆
7440,㟁
7441,㟲
7442,侐
7443,俽
7444,寖
7445,逎
7446,㵑
7447,䵺
7448,檵
7449,睗
7450,勀
7451,边
7452,憫
7453,爜
7454,慺
7455,莨
7456,眀
7457,盩
7458,硅
7459,劔
7460,噓
7461,䡆
7462,琞
7463,瓴
7464,彳
7465,亍
7466,岾
7467,仼
7468,䱋
7469,觛
7470,茁
7471,眪
7472,賬
7473,䳟
7474,烿
7475,烍
7476,謤
7477,
7478,邭
7479,荇
7480,鏿
7481,匕
7482,蘖
7483,傎
7484,鎙
7485,鉓
7486,艧
7487,䤝
7488,㙓
7489,枺
7490,碞
7491,燴
7492,㻂
7493,翄
7494,夑
7495,笩
7496,旣
7497,鎭
7498,艫
7499,嗚
7500,錩
7501,豦
7502,懊
7503,弧
7504,鱄
7505,霎
7506,榳
7507,暽
7508,絰
7509,㺬
7510,峼
7511,楑
7512,嶂
7513,侽
7514,欕
7515,纍
7516,憭
7517,佫
7518,襜
7519,颶
7520,繜
7521,瓍
7522,馠
7523,溈
7524,縰
7525,禌
7526,墻
7527,泣
7528,坷
7529,匀
7530,芈
7531,籓
7532,乛
7533,襘
7534,爍
7535,蘐
7536,鬻
7537,琜
7538,儛
7539,㺱
7540,餛
7541,籠
7542,厦
7543,鳣
7544,踞
7545,熚
7546,籗
7547,湡
7548,㭻
7549,懭
7550,曬
7551,麘
7552,掁
7553,玑
7554,鐭
7555,投
7556,䅿
7557,濝
7558,桭
7559,邚
7560,詛
7561,烳
7562,蓿
7563,碁
7564,騉
7565,筮
7566,楡
7567,夅
7568,彈
7569,輙
7570,溡
7571,禆
7572,梭
7573,譪
7574,腎
7575,㴱
7576,㫻
7577,錔
7578,愹
7579,駸
7580,樇
7581,嶒
7582,菓
7583,霱
7584,䳨
7585,晪
7586,崛
7587,蔆
7588,飇
7589,晼
7590,璖
7591,㯢
7592,袓
7593,綞
7594,麯
7595,銰
7596,掛
7597,哺
7598,椀
7599,錸
7600,瞌
7601,裼
7602,臮
7603,鲲
7604,㚟
7605,纳
7606,绅
7607,巇
7608,镣
7609,邬
7610,劄
7611,崸
7612,彟
7613,噉
7614,综
7615,賤
7616,韦
7617,柸
7618,澆
7619,杨
7620,规
7621,蕰
7622,纾
7623,攒
7624,冻
7625,墦
7626,湒
7627,兑
7628,批
7629,隘
7630,傭
7631,繙
7632,桔
7633,铦
7634,靦
7635,躭
7636,鹬
7637,绰
7638,镐
7639,儨
7640,蜂
7641,啖
7642,幷
7643,汦
7644,禱
7645,嗜
7646,鹏
7647,碼
7648,剿
7649,骥
7650,睡
7651,蠢
7652,ú
7653,繷
7654,瓁
7655,昬
7656,褼
7657,礜
7658,鈚
7659,褔
7660,Í
7661,俰
7662,嵥
7663,舁
7664,軝
7665,遞
7666,犧
7667,涬
7668,湮
7669,䈖
7670,湈
7671,埊
7672,綤
7673,𢡟
7674,掆
7675,媁
7676,葭
7677,释
7678,鈆
7679,瀱
7680,㯉
7681,槺
7682,㔾
7683,堻
7684,頮
7685,泞
7686,涫
7687,懈
7688,欹
7689,矦
7690,宫
7691,优
7692,夀
7693,禄
7694,荅
7695,属
7696,鮐
7697,亷
7698,稗
7699,伭
7700,愾
7701,苎
7702,暁
7703,馛
7704,逹
7705,来
7706,蜡
7707,黒
7708,囬
7709,歴
7710,諵
7711,鏖
7712,驑
7713,寜
7714,湻
7715,叵
7716,戙
7717,偒
7718,縁
7719,賫
7720,喝
7721,葢
7722,冐
7723,冦
7724,冮
7725,鷔
7726,歩
7727,别
7728,儓
7729,朐
7730,圩
7731,墧
7732,声
7733,辦
7734,泄
7735,剏
7736,攘
7737,洴
7738,滚
7739,濵
7740,瀼
7741,硔
7742,禭
7743,緦
7744,芁
7745,苣
7746,薙
7747,賐
7748,鋊
7749,钂
7750,飬
7751,荗
7752,匙
7753,鶂
7754,頼
7755,宻
7756,死
7757,亜
7758,奂
7759,蕐
7760,録
7761,漮
7762,墓
7763,鄕
7764,嵰
7765,叩
7766,懤
7767,嵘
7768,櫪
7769,蹬
7770,芓
7771,迁
7772,釮
7773,銮
7774,顕
7775,噐
7776,搖
7777,撕
7778,渂
7779,竈
7780,苛
7781,羮
7782,哦
7783,减
7784,増
7785,衺
7786,櫮
7787,鳬
7788,嗔
7789,轝
7790,釒
7791,崚
7792,鍱
7793,児
7794,薫
7795,産
7796,闗
7797,奥
7798,妞
7799,妣
7800,尲
7801,潧
7802,濨
7803,孖
7804,亿
7805,户
7806,壮
7807,籒
7808,羗
7809,醉
7810,蚪
7811,仄
7812,惫
7813,倈
7814,猫
7815,聫
7816,莅
7817,鼂
7818,宼
7819,嘍
7820,尒
7821,俍
7822,岺
7823,峗
7824,冨
7825,迩
7826,譲
7827,嶭
7828,觵
7829,咪
7830,帑
7831,咯
7832,廼
7833,乏
7834,偑
7835,夆
7836,尣
7837,夲
7838,暝
7839,梡
7840,梤
7841,梦
7842,棚
7843,櫜
7844,醕
7845,沜
7846,潝
7847,災
7848,局
7849,炵
7850,葊
7851,聨
7852,苡
7853,料
7854,鏕
7855,钺
7856,閮
7857,趐
7858,缺
7859,舖
7860,偷
7861,卋
7862,簮
7863,怨
7864,逕
7865,敂
7866,鏮
7867,禒
7868,傣
7869,戳
7870,嵪
7871,捏
7872,丅
7873,掲
7874,撞
7875,紨
7876,軆
7877,斵
7878,乆
7879,册
7880,圎
7881,横
7882,韝
7883,槖
7884,悋
7885,帨
7886,躐
7887,辳
7888,曵
7889,曽
7890,禯
7891,薜
7892,壟
7893,郷
7894,屑
7895,鑏
7896,丗
7897,柤
7898,夵
7899,斥
7900,臛
7901,滍
7902,鈶
7903,冺
7904,輬
7905,铉
7906,争
7907,凞
7908,嘘
7909,埂
7910,埼
7911,墵
7912,嵛
7913,悕
7914,捕
7915,杊
7916,板
7917,櫽
7918,溓
7919,玦
7920,瞬
7921,瀇
7922,聼
7923,艶
7924,莖
7925,褠
7926,謄
7927,謱
7928,豔
7929,馹
7930,魔
7931,鷲
7932,焧
7933,僞
7934,灮
7935,扦
7936,攅
7937,澷
7938,絀
7939,走
7940,緑
7941,轡
7942,栁
7943,掦
7944,稰
7945,晎
7946,栽
7947,泃
7948,罏
7949,荏
7950,辠
7951,楼
7952,遥
7953,糿
7954,韟
7955,圗
7956,毆
7957,毨
7958,鰵
7959,氊
7960,坵
7961,舌
7962,倲
7963,玊
7964,畼
7965,没
7966,惹
7967,版
7968,泪
7969,玬
7970,竸
7971,瞕
7972,凊
7973,溤
7974,鐳
7975,瀋
7976,帕
7977,个
7978,樋
7979,袑
7980,獸
7981,駇
7982,巁
7983,庻
7984,将
7985,擺
7986,僯
7987,柭
7988,欞
7989,洰
7990,淧
7991,睌
7992,睠
7993,瞰
7994,砆
7995,砏
7996,簵
7997,袂
7998,满
7999,鐷
8000,駐
8001,騌
8002,鲂
8003,蘓
8004,秞
8005,輣
8006,炕
8007,珓
8008,鷘
8009,睪
8010,堹
8011,尟
8012,蕪
8013,禤
8014,禃
8015,届
8016,朿
8017,煻
8018,胎
8019,嚨
8020,巄
8021,茭
8022,釘
8023,慿
8024,梀
8025,釀
8026,簷
8027,粤
8028,糶
8029,贜
8030,玵
8031,缪
8032,攖
8033,着
8034,狥
8035,菃
8036,祲
8037,鑿
8038,箖
8039,耉
8040,腮
8041,坍
8042,癰
8043,莛
8044,怱
8045,膂
8046,舎
8047,苖
8048,椁
8049,榓
8050,蘎
8051,茍
8052,頽
8053,茫
8054,蹙
8055,絺
8056,役
8057,汉
8058,烕
8059,斨
8060,愪
8061,棵
8062,撿
8063,籕
8064,櫗
8065,渏
8066,狎
8067,苢
8068,噦
8069,翜
8070,悏
8071,租
8072,砡
8073,碬
8074,譂
8075,豬
8076,貟
8077,蹚
8078,贯
8079,憂
8080,揉
8081,揺
8082,懆
8083,偤
8084,蝦
8085,汵
8086,塑
8087,堳
8088,傁
8089,徊
8090,珜
8091,嗂
8092,灏
8093,銿
8094,霫
8095,侜
8096,慴
8097,俑
8098,櫹
8099,绳
8100,闛
8101,溜
8102,臈
8103,慹
8104,蒳
8105,殻
8106,澺
8107,睻
8108,柜
8109,殫
8110,栳
8111,膄
8112,萯
8113,襠
8114,譡
8115,讘
8116,潥
8117,煗
8118,併
8119,橮
8120,苰
8121,葱
8122,蕳
8123,裏
8124,鈡
8125,趟
8126,躡
8127,辥
8128,塲
8129,槓
8130,邶
8131,邹
8132,邺
8133,郎
8134,恨
8135,騐
8136,鄞
8137,勄
8138,鷽
8139,琏
8140,竅
8141,杍
8142,貧
8143,邧
8144,喕
8145,耚
8146,焬
8147,刻
8148,箔
8149,偈
8150,净
8151,嚻
8152,扄
8153,斞
8154,权
8155,濾
8156,欀
8157,筐
8158,澴
8159,狷
8160,洝
8161,缤
8162,隂
8163,雀
8164,襦
8165,洅
8166,硠
8167,鞫
8168,扟
8169,贐
8170,驹
8171,頋
8172,頟
8173,騝
8174,寫
8175,庒
8176,従
8177,馿
8178,卺
8179,駓
8180,鴦
8181,腾
8182,嵹
8183,巔
8184,悝
8185,璕
8186,暦
8187,幗
8188,柑
8189,摑
8190,肴
8191,遫
8192,阭
8193,慝
8194,傾
8195,軐
8196,耰
8197,篙
8198,蔗
8199,藨
8200,黏
8201,厄
8202,燄
8203,稉
8204,煔
8205,溗
8206,鋎
8207,鏹
8208,埽
8209,髠
8210,殘
8211,蘗
8212,欐
8213,銁
8214,烆
8215,棩
8216,娎
8217,㦕
8218,昖
8219,旲
8220,坧
8221,啍
8222,侙
8223,篩
8224,洓
8225,鸐
8226,栲
8227,墈
8228,堆
8229,壖
8230,携
8231,鏏
8232,朌
8233,𥶷
8234,𥫝
8235,𤐣
8236,侢
8237,鬉
8238,𡏭
8239,幣
8240,溸
8241,釨
8242,峵
8243,菏
8244,廢
8245,傀
8246,輓
8247,庝
8248,嶚
8249,纒
8250,𩔪
8251,毂
8252,銷
8253,颢
8254,乖
8255,峝
8256,窠
8257,窅
8258,誓
8259,慑
8260,艎
8261,瞑
8262,铏
8263,蟲
8264,杯
8265,刷
8266,鯈
8267,贞
8268,拽
8269,罘
8270,燗
8271,𡸯
8272,𣏌
8273,税
8274,軟
8275,鹹
8276,値
8277,舃
8278,礙
8279,灊
8280,蹄
8281,例
8282,恒
8283,叙
8284,杰
8285,壙
8286,窄
8287,墎
8288,訸
8289,呰
8290,鑼
8291,稳
8292,價
8293,兪
8294,朴
8295,翇
8296,消
8297,墜
8298,隇
8299,戜
8300,琕
8301,玨
8302,鍏
8303,佄
8304,崩
8305,頥
8306,紊
8307,澪
8308,洇
8309,蓽
8310,総
8311,嵦
8312,另
8313,囒
8314,戮
8315,啷
8316,挖
8317,沖
8318,筳
8319,逡
8320,宁
8321,㪺
